bakari		1.76	72			4185	bakari sagna	
p. owomoyela		1.87	84			1818	patrick owomoyela	
jose bosingwa		1.83	90			3923	jose bosingwa	
aaron		2.02	78			5432	aaron ramsey	
f. bolzoni		1.8	69			11907	francesco bolzoni	
beye		1.82	79			2284	habib beye	
david		1.75	68			11080	david villa	
ivan kaviedes		1.82	57			7775	ivan kaviedes	
fabien barthez		1.83	76			3022	fabien barthez	
wesley		1.74	60			1913	wesley sonck	
carlos alberto		1.91	94			10948	carlos alberto	
pogatetz		1.87	91			10202	emanuel pogatetz	
glen little		1.91	95			9688	glen little	
jensen		1.8	82			10589	niclas jensen	
micah richards		1.8	87			11663	micah richards	
essien		1.8	77			8557	michael essien	
green		1.88	77			6496	robert green	
paul		1.88	83			7848	paul scharner	
p. enckelman		1.89	80			7285	peter enckelman	
rui		1.8	59			5476	rui costa	
michael gray		1.7	89			12215	michael gray	
gary		1.78	95			9606	gary mcallister	
mario		1.89	87			12216	mario gomez	
hernan		1.84	78			12309	hernan crespo	
rade		1.85	87			759	rade prica	
ivan		1.84	72			12310	ivan rakitic	
d. duff		1.79	73			6069	damien duff	
hughes		1.75	72			5609	bryan hughes	
b. lizarazu		1.69	99			6199	bixente lizarazu	
eric abidal		1.8	75			12311	eric abidal	
tyrone		1.8	90			3338	tyrone mears	
coloccini		1.82	78			992	fabricio coloccini	
mario		1.87	103			3027	mario yepes	
kalou		1.75	65			4860	salomon kalou	
ricardo oliveira		1.83	83			4224	ricardo oliveira	
eric addo		1.82	70			9070	eric addo	
song		1.83	76			8028	rigobert song	
quim		1.97	97			12205	quim	
ashley		1.72	67			8836	ashley cole	
gael		1.81	72			12312	gael clichy	
d. gygax		1.77	74			12030	daniel gygax	
mullins		1.8	72			2322	hayden mullins	
dimitar berbatov		1.88	79			3473	dimitar berbatov	
mahamadou		1.83	76			7778	mahamadou diarra	
fernando cavenaghi		1.89	91			798	fernando cavenaghi	
miguel		1.8	92			1857	miguel veloso	
g. naysmith		1.71	73			633	gary naysmith	
javier		1.68	83			12152	javier saviola	
n. butt		1.78	71			11203	nicky butt	
john ruddy		1.93	86			2721	john ruddy	
klasnic		1.86	79			12313	ivan klasnic	
a. livio		1.74	91			69	angelo di livio	
m. sanctis		1.9	92			1239	morgan de sanctis	
p. jagielka		1.8	83			9574	phil jagielka	
diego		1.83	78			4616	diego milito	
j. reyes		1.78	75			12314	jose antonio reyes	
r. keane		1.76	67			1009	robbie keane	
steven pienaar		1.76	59			11238	steven pienaar	
c. dabrowski		1.95	82			12217	christoph dabrowski	
michael		1.86	75			3705	michael carrick	
a. stolz		1.89	100			12003	alexander stolz	
phillips		1.71	76			283	kevin phillips	
sun		1.78	78			12168	sun jihai	
roque		1.91	88			12218	roque santa cruz	
roberto		1.8	98			1953	roberto di matteo	
patrik		1.85	97			9636	patrik andersson	
j. roberts		1.8	95			12316	jason roberts	
hulse		1.86	76			5806	rob hulse	
owen		1.8	76			1317	owen hargreaves	
j. mcfadden		1.78	88			5601	james mcfadden	
a. costacurta		1.8	75			9188	alessandro costacurta	
franz		1.81	88			11239	franz beckenbauer	
t. linderoth		1.76	66			5368	tobias linderoth	
angelos		1.91	85			12169	angelos charisteas	
jerome		1.77	71			8595	jerome thomas	
w. palacios		1.78	71			3075	wilson palacios	
o. kapo		1.84	88			5460	olivier kapo	
bernardo		1.89	61			841	bernardo corradi	
omar bravo		1.7	86			11938	omar bravo	
kim		1.83	92			12240	kim kallstrom	
m. allback		1.8	77			12241	marcus allback	
pablo zabaleta		1.73	86			6750	pablo zabaleta	
martin		1.91	79			12242	martin skrtel	
j. boumsong		1.9	78			1808	jean-alain boumsong	
eto'o		1.19	75			8580	samuel eto'o	
lehmann		1.9	87			6934	jens lehmann	
nevland		1.77	97			362	erik nevland	
mike hanke		1.85	99			8450	mike hanke	
fabian		1.83	80			507	fabian ernst	
aaron hughes		1.82	87			8647	aaron hughes	
neil sullivan		1.83	87			1404	neil sullivan	
r. makaay		1.88	88			6203	roy makaay	
bendtner		1.91	83			2736	nicklas bendtner	
s. chapuisat		1.8	94			12317	stephane chapuisat	
rivaldo		1.86	65			12170	rivaldo	
kluivert		1.88	83			4301	patrick kluivert	
helguson		1.78	90			12366	heidar helguson	
marco		1.8	73			1507	marco cassetti	
johan		1.88	66			3485	johan elmander	
valerio fiori		1.85	75			6251	valerio fiori	
albert streit		1.8	79			9597	albert streit	
ioannis		1.83	99			3624	ioannis amanatidis	
philip		1.82	92			12245	philip cocu	
c. lell		1.81	75			7847	christian lell	
carlos		1.83	93			3408	carlos marchena	
d. jarolim		1.72	68			12246	david jarolim	
keane		1.8	76			11999	roy keane	
carlo		1.96	79			5022	carlo nash	
r. drenthe		1.67	72			2799	royston drenthe	
gary		1.85	66			155	gary doherty	
mills		1.77	75			12219	danny mills	
stephen		1.75	103			9723	stephen ireland	
rolfes		1.89	97			6466	simon rolfes	
sami hyypia		1.92	85			12248	sami hyypia	
p. chimbonda		1.82	62			1984	pascal chimbonda	
renan		1.84	85			8091	renan	
jose		1.92	62			12249	jose luis chilavert	
ince		1.78	65			9062	paul ince	
per mertesacker		1.98	85			6335	per mertesacker	
dennis		1.88	80			1136	dennis bergkamp	
fagan		1.8	70			11759	craig fagan	
mineiro		1.81	59			12171	mineiro	
frank		1.87	81			2716	frank baumann	
e. gudjohnsen		1.85	94			12250	eidur gudjohnsen	
david murphy		1.87	183			12367	david murphy	
mcshane		1.73	67			12368	paul mcshane	
wellington luis de sousa		1.97	75			12212	wellington luis de sousa	
boaz		1.91	81			475	boaz myhill	
titus		1.85	95			9936	titus bramble	
nigel		1.75	93			10851	nigel quashie	
vaart		1.75	61			1081	rafael van der vaart	
j. rodwell		1.88	80			8874	jack rodwell	
jamie ashdown		1.91	90			4798	jamie ashdown	
ba		1.78	70			6113	ibrahim ba	
j. reis		1.82	81			7138	jonathan reis	
cole		1.91	80			4439	carlton cole	
osman		1.79	70			2771	leon osman	
simone		1.83	80			3369	simone inzaghi	
g. samaras		1.93	59			4704	georgios samaras	
robbie savage		1.8	90			1193	robbie savage	
g. favalli		1.81	73			11951	giuseppe favalli	
kevin		1.8	79			7213	kevin doyle	
christoph		1.75	76			2712	christoph spycher	
cordoba		1.73	97			12251	ivan cordoba	
robson ponte		1.74	94			9291	robson ponte	
jermaine		1.83	66			11942	jermaine jones	
sahar		1.78	94			12172	ben sahar	
candela		1.8	67			5865	vincent candela	
barry ferguson		1.82	71			604	barry ferguson	
s. logan		1.8	72			5459	shaleum logan	
patrice		1.71	65			12220	patrice evra	
heiko		1.9	90			276	heiko westermann	
a. ivanschitz		1.83	79			417	andreas ivanschitz	
gary		1.8	80			11752	gary speed	
warnock		1.8	92			3311	stephen warnock	
parker		1.75	60			3150	scott parker	
v. anichebe		1.85	80			10361	victor anichebe	
l. martin		1.85	65			7126	lee martin	
a. stokes		1.8	78			12369	anthony stokes	
kupisz		1.8	86			6835	tomasz kupisz	
zebina		1.9	84			12221	jonathan zebina	
antonio		1.84	73			9679	antonio chimenti	
shola		1.91	77			5579	shola ameobi	
n. jong		1.74	72			4589	nigel de jong	
m. acimovic		1.87	80			12370	milenko acimovic	
chris klein		1.85	83			12371	chris klein	
hitzlsperger		1.83	88			5287	thomas hitzlsperger	
massimo maccarone		1.8	73			9055	massimo maccarone	
sebastian		1.82	102			2637	sebastian deisler	
j. riise		1.85	77			8548	john arne riise	
mario melchiot		1.87	74			11665	mario melchiot	
t. rosicky		1.78	65			12372	tomas rosicky	
j. o'shea		1.9	75			3316	john o'shea	
antoine		1.87	80			5574	antoine sibierski	
marco		1.78	88			8009	marco di vaio	
ball		1.78	81			11550	michael ball	
scott		1.91	86			2311	scott carson	
miccoli		1.68	64			6328	fabrizio miccoli	
johnson		1.75	62			12373	adam johnson	
dean ashton		1.88	80			8641	dean ashton	
t. henry		1.88	83			7349	thierry henry	
zidan		1.73	72			8766	mohamed zidan	
erik		1.79	78			5055	erik edman	
ciro		1.8	75			11764	ciro ferrara	
giuseppe		1.75	71			5319	giuseppe rossi	
rooney		1.81	70			4690	wayne rooney	
cambiasso		1.77	78			9766	esteban cambiasso	
j. koumas		1.77	63			6470	jason koumas	
totti		1.8	80			3434	francesco totti	
frank de boer		1.8	75			10353	frank de boer	
t. gekas		1.79	77			12173	theofanis gekas	
tomas ujfalusi		1.85	76			12375	tomas ujfalusi	
a. nocerino		1.78	76			1668	antonio nocerino	
m. darmian		1.82	57			5972	matteo darmian	
meite		1.85	68			12252	abdoulaye meite	
p. ferreira		1.82	72			12222	paulo ferreira	
mario balotelli		1.89	82			3873	mario balotelli	
dossena		1.8	77			771	andrea dossena	
costinha		1.84	92			5589	costinha	
pierre		1.9	92			3567	pierre van hooijdonk	
delap		1.83	88			7567	rory delap	
s. wright-phillips		1.68	67			11045	shaun wright-phillips	
edwin		1.97	84			12253	edwin van der sar	
l. biagio		1.75	74			8301	luigi di biagio	
petrov		1.8	76			12174	martin petrov	
h. camara		1.76	67			8113	henri camara	
mehmet		1.77	70			7579	mehmet scholl	
yuri		1.78	71			5200	yuri zhirkov	
emmanuel eboue		1.78	183			12376	emmanuel eboue	
jaidi		1.92	89			12255	radhi jaidi	
r. kovac		1.82	70			12377	robert kovac	
c. kirkland		1.91	73			2519	chris kirkland	
roman kienast		1.88	75			10347	roman kienast	
eichner		1.83	183			6406	christian eichner	
m. amoroso		1.79	103			12257	marcio amoroso	
s. wiltord		1.74	73			306	sylvain wiltord	
stilian		1.8	88			12258	stilian petrov	
steve		1.85	82			9042	steve mandanda	
m. bradley		1.65	74			12379	michael bradley	
l. moore		1.8	71			4070	luke moore	
daryl		1.89	82			3026	daryl murphy	
f. couto		1.84	76			6236	fernando couto	
david		1.75	95			7492	david cotterill	
alves		1.85	85			8530	afonso alves	
reid		1.83	83			1497	steven reid	
r. carlos		1.81	85			12380	roberto carlos	
bowyer		1.76	68			8819	lee bowyer	
mancini		1.92	78			12214	mancini	
d. braaten		1.84	80			9068	daniel braaten	
luka modric		1.75	98			12318	luka modric	
l. price		1.91	64			3806	lewis price	
marouane fellaini		1.94	57			4215	marouane fellaini	
gaizka		1.73	92			10745	gaizka mendieta	
andreas		1.97	100			6078	andreas isaksson	
dudek		1.87	81			1684	jerzy dudek	
andrews		1.76	96			11979	keith andrews	
patrick		1.79	74			12381	patrick boyle	
grygera		1.74	79			12319	zdenek grygera	
valeri		1.78	78			8938	valeri bojinov	
jonathan greening		1.83	71			1673	jonathan greening	
arca		1.85	70			6374	julio arca	
sean		1.75	74			8367	sean davis	
jones		1.8	66			11733	david jones	
xabi		2.03	75			10271	xabi alonso	
cannavaro		1.85	92			3703	paolo cannavaro	
shabani		1.82	83			10647	shabani nonda	
walcott		1.75	102			11608	theo walcott	
a. gamberini		1.85	78			9967	alessandro gamberini	
taylor		1.55	65			2636	ryan taylor	
c. zanetti		1.8	75			11377	cristiano zanetti	
boudewijn zenden		1.72	70			2911	boudewijn zenden	
o. veigneau		1.74	65			4833	olivier veigneau	
robin		1.83	62			12320	robin van persie	
a. johnson		1.68	57			12224	andrew johnson	
paul scholes		1.7	61			7779	paul scholes	
michael		1.88	68			9997	michael rensing	
foster		1.88	80			2505	ben foster	
tim		1.93	96			8106	tim wiese	
rafael marquez		1.72	94			12259	rafael marquez	
neil		1.83	94			6131	neil clement	
k. campbell		1.86	63			5874	kevin campbell	
capdevila		1.81	79			4077	joan capdevila	
bernd schneider		1.76	92			12383	bernd schneider	
torres		1.83	70			3326	fernando torres	
randall		1.77	60			12384	mark randall	
fernando		1.86	79			10524	fernando morientes	
magnin		1.85	95			1016	ludovic magnin	
paul		1.73	65			9642	paul hartley	
i. akinfeev		1.84	66			4544	igor akinfeev	
joey		1.72	85			9515	joey barton	
e. heskey		1.9	84			1057	emile heskey	
jens jeremies		1.77	72			11680	jens jeremies	
schweinsteiger		1.81	77			7333	bastian schweinsteiger	
j. mascherano		1.78	99			1647	javier mascherano	
c. abbiati		1.9	80			11286	christian abbiati	
pato		1.79	90			10728	alexandre pato	
caleb folan		1.88	86			5290	caleb folan	
adebayor		1.9	91			9184	emmanuel adebayor	
f. quagliarella		1.82	68			8137	fabio quagliarella	
almunia		1.91	86			2809	manuel almunia	
celestine babayaro		1.72	69			4615	celestine babayaro	
joe		1.91	81			6881	joe hart	
tim		1.88	74			10757	tim krul	
parnaby		1.78	73			1289	stuart parnaby	
maxwell		1.96	73			12209	maxwell	
craig gardner		1.78	84			924	craig gardner	
litmanen		1.82	98			10675	jari litmanen	
christian		1.83	80			635	christian dailly	
dida		1.82	67			12385	dida	
a. turan		1.76	96			7887	arda turan	
l. ridgewell		1.77	64			3159	liam ridgewell	
j. fojut		1.88	83			12321	jaroslaw fojut	
michael johnson		1.67	95			10601	michael johnson	
j. woodgate		1.89	60			791	jonathan woodgate	
basler		1.86	73			11576	mario basler	
d. gosling		1.78	71			7810	dan gosling	
juliano		1.75	89			6792	juliano belletti	
pascal cygan		1.92	95			998	pascal cygan	
andy		1.78	85			10637	andy todd	
stevan jovetic		1.83	61			12322	stevan jovetic	
robin		1.9	93			9409	robin nelisse	
josip		1.8	89			12323	josip simunic	
tommy smith		2.01	70			1360	tommy smith	
placente		1.76	72			11358	diego placente	
lee		1.77	90			5571	lee carsley	
l. kalouda		1.76	99			12262	lubos kalouda	
brown		1.94	74			9629	michael brown	
a. stubbs		1.88	82			4684	alan stubbs	
gabriel heinze		1.78	80			9410	gabriel heinze	
karim haggui		1.9	100			2388	karim haggui	
g. mccartney		1.8	74			1925	george mccartney	
hakan		1.8	78			10489	hakan yakin	
pedro mendes		1.77	77			8006	pedro mendes	
ricardo		1.73	84			2232	ricardo osorio	
flamini		1.78	67			10551	mathieu flamini	
graeme le saux		1.78	77			10858	graeme le saux	
jermaine		1.65	68			1880	jermaine pennant	
c. n'zogbia		1.7	70			2948	charles n'zogbia	
ryan		1.83	88			4322	ryan shawcross	
steed		1.72	65			4348	steed malbranque	
anelka		1.84	77			2946	nicolas anelka	
diarra		1.9	79			9011	alou diarra	
luis		1.19	65			12386	luis garcia	
joris		1.82	80			1477	joris mathijsen	
kahn		1.88	73			2614	oliver kahn	
wayne		1.7	65			5031	wayne routledge	
paul		1.86	97			9308	paul gerrard	
forlan		1.72	75			7650	diego forlan	
simon		1.77	72			11976	simon davies	
marco delvecchio		1.86	80			2909	marco delvecchio	
richard		1.91	87			320	richard kingson	
per		1.94	88			12263	per kroldrup	
cattermole		1.78	70			9848	lee cattermole	
l. diatta		1.84	64			10189	lamine diatta	
d. rossi		1.83	82			3262	daniele de rossi	
lee		1.78	68			11496	lee barnard	
donati		1.86	75			7575	massimo donati	
thiago		1.86	98			9005	thiago motta	
pletikosa		1.93	68			11018	stipe pletikosa	
j. oster		1.76	70			5268	john oster	
s. kljestan		1.85	69			6475	sacha kljestan	
c. wilhelmsson		1.77	90			9587	christian wilhelmsson	
hamsik		1.83	97			12264	marek hamsik	
a. hutton		1.85	64			9978	alan hutton	
p. pardo		1.75	86			12265	pavel pardo	
chiellini		1.86	96			9887	giorgio chiellini	
toni		1.8	69			11058	toni kroos	
m. izmailov		1.69	91			1471	marat izmailov	
steve		1.85	61			3958	steve simonsen	
t. borowski		1.94	63			262	tim borowski	
zinedine		1.85	60			2277	zinedine zidane	
d. guthrie		1.75	73			5712	danny guthrie	
nabil		1.75	89			2070	nabil el zhar	
j. welsh		1.83	75			12388	john welsh	
manuel		1.95	100			11120	manuel fernandes	
d. healy		1.94	67			12389	david healy	
tie		1.83	100			12176	li tie	
carlo cudicini		1.83	88			11208	carlo cudicini	
a. piero		1.68	73			12226	alessandro del piero	
simone		1.78	72			10207	simone perrotta	
aaron		1.79	98			10986	aaron lennon	
joleon lescott		1.88	90			12227	joleon lescott	
stephane henchoz		1.86	98			12267	stephane henchoz	
n. kranjcar		1.85	80			12324	niko kranjcar	
franck ribery		1.7	86			12268	franck ribery	
vela		1.75	79			8098	carlos vela	
jimmy		1.85	71			803	jimmy floyd hasselbaink	
r. abbondanzieri		1.85	59			2293	roberto abbondanzieri	
m. pantelic		1.83	80			12325	marko pantelic	
eren		1.9	83			9212	eren derdiyok	
lucas		1.83	68			2843	lucas neill	
nani		1.75	78			12203	nani	
zanetti		1.78	75			2753	javier zanetti	
ian walker		1.94	74			9809	ian walker	
w. gallas		1.81	72			10918	william gallas	
kevin nolan		1.82	72			8138	kevin nolan	
darren		1.8	72			4929	darren huckerby	
halford		1.93	64			11450	greg halford	
casillas		1.85	70			6650	iker casillas	
ivanovic		1.82	96			12418	branislav ivanovic	
k. miller		1.75	67			2943	kenny miller	
karim		1.81	75			4787	karim benzema	
martins		1.7	70			732	obafemi martins	
mohamed shawky		1.81	75			1625	mohamed shawky	
d. potter		1.85	73			6506	darren potter	
g. agbonlahor		1.78	96			12177	gabriel agbonlahor	
jermain		1.69	83			6614	jermain defoe	
matthew		1.85	93			34	matthew upson	
emerson		1.84	67			12208	emerson	
diarra		1.73	87			1725	lassana diarra	
maurizio		1.87	80			7168	maurizio domizzi	
m. brighi		1.78	72			12047	matteo brighi	
artur boruc		1.93	89			2107	artur boruc	
stefan effenberg		1.88	99			1699	stefan effenberg	
jon		1.8	74			12228	jon dahl tomasson	
r. gardner		1.75	70			3999	ricardo gardner	
marko arnautovic		1.92	65			12326	marko arnautovic	
michael dawson		1.81	102			12390	michael dawson	
samir		1.77	74			1701	samir nasri	
a. ottl		1.85	62			3292	andreas ottl	
geoff horsfield		1.83	77			6977	geoff horsfield	
kasey		1.87	73			6900	kasey keller	
baxter		1.79	68			10520	jose baxter	
friedel		1.93	74			8594	brad friedel	
luke		1.83	78			12391	luke young	
reina		1.94	94			12269	jose reina	
bjarni		1.86	183			12327	bjarni vidarsson	
govou		1.75	66			3743	sidney govou	
olivier		1.75	73			1665	olivier dacourt	
pasanen		1.87	76			1720	petri pasanen	
l. romagnoli		1.72	87			5748	leandro romagnoli	
a. young		1.8	88			12229	ashley young	
hugo		1.78	66			255	hugo viana	
glen		1.81	74			295	glen johnson	
baros		1.84	76			12328	milan baros	
michael		1.72	85			1422	michael owen	
traianos dellas		1.97	70			1949	traianos dellas	
connolly		1.72	98			636	david connolly	
macauley		1.83	75			10537	macauley chrisantus	
u. ehiogu		1.85	84			253	ugo ehiogu	
sander westerveld		1.9	64			4227	sander westerveld	
webber		1.75	66			11933	danny webber	
benayoun		1.78	85			11502	yossi benayoun	
g. pandev		1.84	75			7692	goran pandev	
svensson		1.77	77			12393	anders svensson	
antonio		1.75	70			6680	antonio cassano	
park		1.75	86			3220	park ji-sung	
john		1.83	78			6739	john terry	
ricardo		1.73	67			11126	ricardo quaresma	
toldo		1.96	90			6603	francesco toldo	
p. trochowski		1.69	70			9356	piotr trochowski	
v. smicer		1.82	70			12329	vladimir smicer	
david martin		1.86	95			5373	david martin	
hossam		1.81	60			12178	hossam ghaly	
z. kalac		2.03	60			12271	zeljko kalac	
s. larsson		1.78	65			4196	sebastian larsson	
hunt		1.85	66			1072	nicky hunt	
maniche		1.73	69			12179	maniche	
hildebrand		1.86	62			2710	timo hildebrand	
a. nesta		1.87	79			7139	alessandro nesta	
altintop		1.83	82			12331	hamit altintop	
rami		1.93	83			9277	rami shaaban	
k. gillespie		1.77	77			2389	keith gillespie	
d. etuhu		1.88	83			2850	dickson etuhu	
chris		1.83	81			11504	chris eagles	
sneijder		1.7	67			1623	wesley sneijder	
j. vogel		1.78	94			8559	johann vogel	
d. hamann		1.92	99			812	dietmar hamann	
dickov		1.66	80			555	paul dickov	
abardonado		1.84	61			4966	jacques abardonado	
klose		1.83	81			7530	miroslav klose	
lewis		1.78	83			12394	eddie lewis	
belozoglu		1.71	76			12332	emre belozoglu	
darijo srna		1.82	98			518	darijo srna	
majstorovic		1.9	89			12333	daniel majstorovic	
cicinho		1.71	78			12180	cicinho	
kaboul		1.9	87			12272	younes kaboul	
christian pander		1.86	87			5499	christian pander	
flavio		1.83	72			9425	flavio roma	
m. borriello		1.55	73			3352	marco borriello	
b. ching		1.85	88			8310	brian ching	
castillo		1.78	77			4843	segundo castillo	
zlatko		1.8	61			11840	zlatko zahovic	
andy		1.81	75			12273	andy van der meyde	
r. okotie		1.88	86			4857	rubin okotie	
rosenberg		1.85	71			5914	markus rosenberg	
ciprian marica		1.82	72			4951	ciprian marica	
r. fowler		1.76	73			7307	robbie fowler	
m. reiziger		1.78	75			5335	michael reiziger	
davies		1.83	99			7811	kevin davies	
fritz		1.83	63			9536	clemens fritz	
petric		1.85	81			12334	mladen petric	
davis		1.91	183			5360	claude davis	
ivan		1.79	72			12274	ivan zamorano	
robinho		1.72	60			12182	robinho	
dario simic		1.8	74			12335	dario simic	
xavi		1.7	68			2378	xavi	
richard wright		1.73	79			8973	richard wright	
jankovic		1.85	79			12336	bosko jankovic	
ian harte		1.77	78			3630	ian harte	
jonathan spector		1.83	82			10978	jonathan spector	
poyet		1.85	83			12275	gustavo poyet	
carles		1.78	78			11198	carles puyol	
carlos villanueva		1.73	71			12396	carlos villanueva	
fabrice muamba		1.88	78			1393	fabrice muamba	
kuszczak		1.9	65			2536	tomasz kuszczak	
anderson		1.76	86			12204	oliveira anderson	
dunne		1.87	95			12028	richard dunne	
sahin		1.79	92			12337	nuri sahin	
p. konchesky		1.78	67			11064	paul konchesky	
michael		1.85	87			4630	michael duberry	
carew		1.94	98			11694	john carew	
d. weir		1.93	86			12397	david weir	
leon andreasen		1.88	103			9807	leon andreasen	
shaun maloney		1.73	69			10338	shaun maloney	
gustavo		1.82	75			12276	gustavo nery	
rukavina		1.86	69			7526	ante rukavina	
makelele		1.77	67			12338	claude makelele	
g. zola		1.69	78			7956	gianfranco zola	
georg		1.88	67			95	georg niedermeier	
freddy adu		1.73	88			1575	freddy adu	
johnson		1.85	84			12398	andy johnson	
ruben olivera		1.8	100			12339	ruben olivera	
djourou		1.91	64			8945	johan djourou	
neville		1.75	83			6904	gary neville	
nuno		1.81	59			5517	nuno gomes	
nikola		2.02	96			12340	nikola zigic	
yorke		1.75	79			5392	dwight yorke	
kolo toure		1.83	92			12277	kolo toure	
marcelo		1.73	67			3634	marcelo salas	
david silva		1.7	81			12230	david silva	
anthony gardner		1.96	88			5791	anthony gardner	
marcell jansen		1.9	98			8022	marcell jansen	
fernando gago		1.78	66			8240	fernando gago	
juninho		1.99	71			12183	juninho	
hibbert		1.75	72			10195	tony hibbert	
steve finnan		1.75	94			9989	steve finnan	
behrami		1.84	72			6434	valon behrami	
peruzzi		1.81	88			4622	angelo peruzzi	
p. degen		1.85	67			46	philipp degen	
d. kitson		1.91	70			5604	dave kitson	
a. valencia		1.75	99			4535	antonio valencia	
alan		1.83	99			1070	alan shearer	
ze		1.72	71			12278	ze roberto	
daniel agger		1.87	70			6422	daniel agger	
f. bobic		1.88	82			10467	fredi bobic	
g. pazzini		1.8	74			6678	giampaolo pazzini	
v. iaquinta		1.78	75			8982	vincenzo iaquinta	
arne friedrich		1.85	69			2058	arne friedrich	
olic		1.82	64			12341	ivica olic	
franck queudrue		1.83	97			6946	franck queudrue	
deco		1.74	73			12184	deco	
d. simpson		1.73	75			11152	danny simpson	
didier drogba		1.88	84			2725	didier drogba	
w. samuel		1.83	92			12231	walter samuel	
ronaldinho		1.82	76			12185	ronaldinho	
a. paloschi		1.75	68			5087	alberto paloschi	
r. rocha		1.82	57			10411	ricardo rocha	
ian		1.91	81			7928	ian bennett	
traore		1.85	78			12279	armand traore	
ruud		1.88	80			12232	ruud van nistelrooy	
gibson		1.8	73			3711	darron gibson	
rochemback		1.84	64			12280	fabio rochemback	
c. gordon		1.93	91			7974	craig gordon	
s. maierhofer		2.02	93			5411	stefan maierhofer	
cafu		1.77	91			12186	cafu	
henrik		1.85	84			2405	henrik pedersen	
m. desailly		1.83	75			4047	marcel desailly	
rafinha		1.72	66			12187	rafinha	
n. solano		1.73	67			784	nolberto solano	
andrea pirlo		1.77	68			1025	andrea pirlo	
m. jankulovski		1.84	66			2426	marek jankulovski	
ebbe sand		1.83	78			11510	ebbe sand	
a. taarabt		1.8	97			6912	adel taarabt	
maicon		1.84	77			12189	maicon	
igor duljaj		1.74	96			3429	igor duljaj	
afellay		1.75	74			10852	ibrahim afellay	
nelsen		1.85	84			6155	ryan nelsen	
s. khedira		1.89	81			542	sami khedira	
evans		1.83	94			8876	ched evans	
teemu tainio		1.75	66			3794	teemu tainio	
m. ambrosini		1.82	72			8979	massimo ambrosini	
louis saha		1.84	93			216	louis saha	
lee		1.72	75			2154	lee hendrie	
s. solari		1.83	76			9548	santiago solari	
bent		1.9	75			12190	marcus bent	
kevin		1.85	78			9806	kevin hofland	
gianluca zambrotta		1.81	67			1675	gianluca zambrotta	
anton ferdinand		1.78	74			10324	anton ferdinand	
niemeyer		1.88	79			991	peter niemeyer	
m. forssell		1.84	79			2118	mikael forssell	
zuma		1.8	69			10120	sibusiso zuma	
g. buffon		1.91	83			3254	gianluigi buffon	
kaka		1.93	74			11602	kaka	
toni		1.95	61			3004	luca toni	
p. lahm		1.7	79			9555	philipp lahm	
king		1.85	88			4254	ledley king	
asmir		1.98	83			12342	asmir begovic	
mido		1.81	81			12399	mido	
jonas		1.85	76			4433	jonas kamper	
vito		1.87	80			9048	vito mannone	
andy		1.69	70			12233	andy reid	
ryan		1.8	93			6990	ryan giggs	
huddlestone		1.88	61			6598	tom huddlestone	
marco materazzi		1.93	92			8093	marco materazzi	
s. ki-hyeon		1.84	73			4130	seol ki-hyeon	
m. vucinic		1.86	76			12343	mirko vucinic	
marco amelia		1.88	78			2925	marco amelia	
roy carroll		1.84	74			7875	roy carroll	
mikel		1.76	69			2098	mikel arteta	
david		1.77	77			7345	david dunn	
r. ferdinand		1.89	90			1367	rio ferdinand	
gary		1.19	80			6333	gary kelly	
j. cesar		1.87	57			12400	julio cesar	
jay simpson		1.8	84			7686	jay simpson	
gary		1.8	64			12415	gary caldwell	
wilfred		1.8	82			2831	wilfred bouma	
d. wheater		1.93	82			1431	david wheater	
helguera		1.84	74			12282	ivan helguera	
r. bianchi		1.88	92			1340	rolando bianchi	
salifou		1.8	88			7842	moustapha salifou	
koller		2.02	100			8519	jan koller	
ferdinand		1.81	85			10080	les ferdinand	
d. trezeguet		1.75	80			7714	david trezeguet	
a. jazic		1.78	86			12344	ante jazic	
m. taylor		1.92	63			3673	maik taylor	
f. meira		1.9	77			2340	fernando meira	
david		1.7	70			7351	david pizarro	
gerrard		1.86	82			7889	steven gerrard	
gareth		1.83	74			12405	gareth bale	
b. alnwick		1.88	100			12118	ben alnwick	
s. ezquerro		1.8	70			12192	santiago ezquerro	
papa		1.74	96			5496	papa bouba diop	
robben		1.8	75			10317	arjen robben	
criscito		1.83	70			6681	domenico criscito	
silva		1.91	64			11218	gilberto silva	
papadopoulos		1.77	92			3987	dimitrios papadopoulos	
taylor		1.91	90			12406	steven taylor	
m. laursen		1.9	83			4825	martin laursen	
cannavaro		1.76	75			9240	fabio cannavaro	
j. milner		1.85	75			10446	james milner	
giuly		1.64	62			10308	ludovic giuly	
mark viduka		1.88	65			9566	mark viduka	
g. stendardo		1.9	88			4528	guglielmo stendardo	
s. ono		1.76	74			9709	shinji ono	
stekelenburg		1.94	98			9001	maarten stekelenburg	
halil		1.85	82			12345	halil altintop	
ryan		1.85	68			2678	ryan babel	
j. campos		1.75	77			6437	jorge campos	
d. pranjic		1.7	65			12346	danijel pranjic	
sissoko		1.89	84			1611	mohamed sissoko	
marcus		1.91	85			5594	marcus hahnemann	
fredrik ljungberg		1.76	87			620	fredrik ljungberg	
robert		1.8	74			12284	robert pires	
laurent robert		1.81	69			10320	laurent robert	
a. bikey		1.82	87			12285	andre bikey	
lauren		1.8	103			12200	lauren	
s. boenisch		1.91	65			8658	sebastian boenisch	
dejan stankovic		1.81	96			12347	dejan stankovic	
gabriel batistuta		1.85	77			3585	gabriel batistuta	
pasqual		1.78	90			5341	manuel pasqual	
graeme		1.78	64			11823	graeme murty	
hadji		1.84	72			12193	mustapha hadji	
philippe senderos		1.9	84			12407	philippe senderos	
sanogo		1.87	83			7470	boubacar sanogo	
frei		1.79	85			9141	alexander frei	
poom		1.96	61			2114	mart poom	
e. davids		1.69	68			7107	edgar davids	
rod fanni		1.83	183			9908	rod fanni	
inamoto		1.81	90			2763	junichi inamoto	
f. grosso		1.85	63			3385	fabio grosso	
a. shevchenko		1.83	72			12194	andriy shevchenko	
h. gomes		1.91	82			5440	heurelho gomes	
diego benaglio		1.92	78			8218	diego benaglio	
radostin		1.79	60			9840	radostin kishishev	
gilardino		1.84	76			8144	alberto gilardino	
torsten frings		1.97	80			7370	torsten frings	
m. babic		1.65	74			12408	marko babic	
sorin		1.71	93			12287	juan pablo sorin	
a. tziolis		1.89	84			6662	alexandros tziolis	
cuauhtemoc		1.77	85			12288	cuauhtemoc blanco	
jeffers		1.78	76			6478	francis jeffers	
niemi		1.86	83			5274	antti niemi	
stephen		1.91	66			956	stephen bywater	
juan sebastian veron		1.86	80			12289	juan sebastian veron	
panucci		1.8	73			5402	christian panucci	
aaron		1.83	73			7762	aaron hunt	
brede		1.95	85			11540	brede hangeland	
g. gattuso		1.77	77			11619	gennaro gattuso	
ricardo		1.83	81			10548	ricardo carvalho	
nigel martyn		1.87	91			2132	nigel martyn	
bent		1.8	73			9963	darren bent	
ivan		1.7	64			12409	ivan guerrero	
hunt		1.74	62			4558	stephen hunt	
mladen krstajic		1.91	83			12349	mladen krstajic	
raul		1.89	74			903	raul albiol	
brett		1.85	183			281	brett emerton	
dion dublin		1.85	78			1752	dion dublin	
barnetta		1.76	62			4661	tranquillo barnetta	
marco marchionni		1.75	66			7319	marco marchionni	
a. natale		1.77	91			2660	antonio di natale	
bruno		1.85	88			9626	bruno berner	
parlour		1.78	69			2084	ray parlour	
angelos		1.75	76			398	angelos basinas	
m. harewood		1.86	97			9543	marlon harewood	
radebe		1.85	62			4541	lucas radebe	
m. niculae		1.84	93			11384	marius niculae	
niclas		1.81	75			4682	niclas alexandersson	
l. blanc		1.9	82			2295	laurent blanc	
oliver		1.71	92			6871	oliver neuville	
castelen		1.7	79			7612	romeo castelen	
t. stokes		1.78	93			7146	tony stokes	
c. vieri		1.85	72			8474	christian vieri	
campbell		1.88	91			8848	sol campbell	
filippo inzaghi		1.81	74			3111	filippo inzaghi	
dyer		1.7	60			2787	kieron dyer	
boulahrouz		1.8	74			5187	khalid boulahrouz	
a. hinkel		1.83	83			1094	andreas hinkel	
james		2.02	59			12412	james vaughan	
l. messi		1.69	60			1783	lionel messi	
dennis rommedahl		1.77	85			8400	dennis rommedahl	
n. barmby		1.69	71			1882	nick barmby	
l. donovan		1.72	68			8788	landon donovan	
tosic		1.84	80			12350	dusko tosic	
lukas podolski		1.8	81			8588	lukas podolski	
jason		1.8	84			4974	jason brown	
niang		1.78	89			2956	mamadou niang	
florent		1.84	73			9180	florent malouda	
kevin		1.9	80			12290	kevin kuranyi	
mauro		1.77	70			897	mauro camoranesi	
tim cahill		1.78	63			1205	tim cahill	
sergio		1.72	75			12291	sergio aguero	
santiago canizares		1.81	61			12292	santiago canizares	
primus		1.83	85			7085	linvoy primus	
n. vidic		1.88	82			12351	nemanja vidic	
bernard diomede		1.7	183			12293	bernard diomede	
joseph		1.85	76			552	joseph yobo	
d. landzaat		1.77	90			4675	denny landzaat	
michal zewlakow		1.83	79			12352	michal zewlakow	
o. mellberg		1.86	82			12234	olof mellberg	
t. howard		1.92	95			5146	tim howard	
b. zamora		1.85	85			12053	bobby zamora	
collison		1.8	72			10621	jack collison	
tomkins		0.76	72			10787	james tomkins	
laudrup		1.8	97			7512	michael laudrup	
distin		1.92	65			5927	sylvain distin	
vratislav		1.83	72			12295	vratislav gresko	
b. mendy		1.8	77			10600	bernard mendy	
didier		1.79	64			3190	didier zokora	
george		1.82	64			6507	george boateng	
ricardo		1.88	79			12296	ricardo vaz te	
maldini		1.87	67			8865	paolo maldini	
campo		1.85	81			12353	ivan campo	
misimovic		1.8	64			12354	zvjezdan misimovic	
cristiano		1.84	74			12235	cristiano ronaldo	
willy sagnol		1.82	59			11978	willy sagnol	
fabregas		1.84	60			12297	cesc fabregas	
massimo		1.82	78			5653	massimo oddo	
b. feilhaber		1.75	70			10170	benny feilhaber	
jacek		1.79	73			12298	jacek krzynowek	
shirokov		1.87	80			9004	roman shirokov	
murphy		1.75	67			4537	danny murphy	
emanuel		1.8	94			9414	emanuel villa	
mariusz		1.85	94			8172	mariusz lewandowski	
w. pandiani		1.84	99			10350	walter pandiani	
aimar		1.7	63			10326	pablo aimar	
liam miller		1.7	103			7497	liam miller	
e. mpenza		1.77	65			12299	emile mpenza	
c. reyna		1.78	72			11086	claudio reyna	
ali		1.94	85			12300	ali al habsi	
daniel		1.8	183			2044	daniel jensen	
david		1.89	95			9682	david james	
b. carbone		1.68	87			9988	benito carbone	
kasper		1.81	84			1682	kasper schmeichel	
peter crouch		1.98	75			10311	peter crouch	
franco		1.78	70			3574	franco semioli	
giovanni van bronckhorst		1.78	63			8291	giovanni van bronckhorst	
mateja		1.79	72			12355	mateja kezman	
zyryanov		1.76	86			2617	konstantin zyryanov	
craig		1.73	74			2306	craig bellamy	
c. vander		1.95	90			750	christian vander	
smolarek		1.78	68			12356	ebi smolarek	
t. sheringham		1.85	61			8371	teddy sheringham	
gerard pique		1.91	85			12301	gerard pique	
carlos tevez		1.71	74			12302	carlos tevez	
hermann hreidarsson		1.85	64			12357	hermann hreidarsson	
j. euell		1.83	79			3250	jason euell	
matteo		1.86	82			9183	dominic matteo	
michael mancienne		1.84	61			4772	michael mancienne	
ismael		1.88	83			6737	ismael urzaiz	
lorenzo		1.85	78			10351	lorenzo de silvestri	
v. montella		1.72	68			5790	vincenzo montella	
vassell		1.71	103			9947	darius vassell	
riccardo		1.81	87			5240	riccardo montolivo	
leroy		1.7	74			1324	leroy lita	
a. zickler		1.88	71			6284	alexander zickler	
fortune		1.8	77			7229	quinton fortune	
paul		1.74	88			4777	paul codrea	
albert riera		1.87	102			11858	albert riera	
aldair		1.84	77			12196	aldair	
recoba		1.79	98			12358	alvaro recoba	
paul		1.81	80			9799	paul stalteri	
robert huth		1.87	80			8849	robert huth	
j. mapp		1.78	63			4904	justin mapp	
gary cahill		1.88	80			9473	gary cahill	
xavier		1.89	85			2478	abel xavier	
jaap stam		1.91	92			8076	jaap stam	
pavel nedved		1.77	70			12359	pavel nedved	
d. johnson		1.72	89			6840	damien johnson	
smith		1.76	65			8540	alan smith	
calum davenport		1.93	89			171	calum davenport	
deschamps		1.74	91			5270	didier deschamps	
craig		1.84	70			1414	craig lindfield	
thomas		1.83	85			7481	thomas gravesen	
gourcuff		1.85	86			10490	yoann gourcuff	
c. poulsen		1.82	76			1188	christian poulsen	
c. metzelder		1.93	84			8102	christoph metzelder	
darren		1.83	89			2227	darren fletcher	
aquilani		1.84	70			796	alberto aquilani	
zurab		1.85	103			12091	zurab khizanishvili	
andreas		1.92	78			7761	andreas granqvist	
kovac		1.78	72			12360	niko kovac	
lukasz fabianski		1.9	84			12361	lukasz fabianski	
geremi		1.8	89			12197	geremi	
cosmin contra		1.79	82			11368	cosmin contra	
j. jenas		1.8	93			1170	jermaine jenas	
marlon king		1.86	78			6390	marlon king	
leighton baines		1.7	89			9960	leighton baines	
iain		1.7	70			2565	iain hume	
serginho		1.79	75			12198	serginho	
marc		1.72	64			5119	marc crosas	
s. sinclair		1.75	87			12237	scott sinclair	
david bentley		1.75	68			7144	david bentley	
j. hoyte		1.8	91			1738	justin hoyte	
kuffour		1.78	75			7458	samuel kuffour	
djimi traore		1.92	77			12304	djimi traore	
laudrup		1.86	102			7513	brian laudrup	
dirk kuyt		1.84	64			2449	dirk kuyt	
p. vieira		1.91	81			6665	patrick vieira	
daniel		1.86	85			5659	daniel cousin	
a. mokoena		1.87	59			6553	aaron mokoena	
davies		0.76	85			11106	mark davies	
adrian		1.76	70			9669	adrian mutu	
harry		1.82	86			3899	harry kewell	
c. chivu		2.02	78			6490	cristian chivu	
gareth		1.84	100			10047	gareth southgate	
kehl		1.88	99			7742	sebastian kehl	
stefano		1.81	92			12126	stefano fiore	
naldo		1.84	88			12202	naldo	
markus babbel		1.91	88			3295	markus babbel	
gabriel milito		1.76	70			11889	gabriel milito	
m. tonetto		1.74	97			6245	max tonetto	
marcos		1.77	88			6380	marcos senna	
stefano		1.93	76			51	stefano lucchini	
j. irving		1.85	92			5026	john irving	
martin taylor		1.74	80			11984	martin taylor	
djibril		1.82	77			12362	djibril cisse	
petr cech		1.97	87			12363	petr cech	
giovane		1.8	99			12305	giovane elber	
ross		1.68	86			6122	ross wallace	
grafite		1.89	79			12199	grafite	
buyten		1.96	96			3500	daniel van buyten	
tal		1.81	78			12306	tal ben-haim	
given		1.87	81			2552	shay given	
philippe		1.89	81			8930	philippe christanval	
stuart		1.71	94			8762	stuart taylor	
p. berger		1.87	91			11304	patrik berger	
j. hesselink		1.91	66			4755	jan vennegoor of hesselink	
james beattie		1.85	76			12410	james beattie	
l. cook		1.75	72			6717	lee cook	
j. carragher		1.88	81			12238	jamie carragher	
k. kilbane		1.84	80			7890	kevin kilbane	
c. pizarro		1.84	75			6314	claudio pizarro	
jens nowotny		1.84	87			2025	jens nowotny	
joe		1.75	81			8487	joe cole	
zlatan		1.92	84			12364	zlatan ibrahimovic	
legrottaglie		1.19	73			7225	nicola legrottaglie	
e. cantona		1.88	86			6436	eric cantona	
iuliano		1.87	80			4776	mark iuliano	
igor		1.93	64			4092	igor tudor	
i. budan		1.8	80			5467	igor budan	
m. marin		1.69	64			8748	marko marin	
matthew		1.78	71			2789	matthew bates	
j. angel		1.83	70			12365	juan pablo angel	
matthias sammer		1.8	75			12032	matthias sammer	
thuram		1.85	78			5474	lilian thuram	
g. zakuani		1.86	88			8288	gabriel zakuani	
henrik larsson		1.79	92			11294	henrik larsson	
c. seedorf		1.94	76			3706	clarence seedorf	
wayne		1.78	75			12239	wayne bridge	
enrico		1.76	68			1221	enrico chiesa	
stefan wessels		1.89	84			6010	stefan wessels	
t. heinze		1.71	63			11964	timo heinze	
