255	hugo viana	19830115	1.78	66	midfielder	barcelos  portugal	
11058	toni kroos	19900104	1.82	65	midfielder	greifswald  east germany	
12302	carlos tevez	19840205	1.73	87	forwarder	ciudadela  buenos aires province  argentina	
4622	angelo peruzzi	19700216	1.81	90	goalkeeper	blera  viterbo  italy	
12186	cafu	19700607	1.78	91	defender	s√£o paulo  brazil	
2725	didier drogba	19780311	1.89	79	forwarder	abidjan  c√¥te d'ivoire	
3078	stelios giannakopoulos	19740712	1.72	68	forwarder	athens  greece	
5240	riccardo montolivo	19850118	1.81	87	midfielder	caravaggio  italy|caravaggio  italy	
8073	wes brown	19791013	1.83	86	defender	longsight  manchester  england	
12315	gretar rafn steinsson	19820109	1.89	57	defender	siglufjˆrur  iceland	
12370	milenko acimovic	19770215	1.87	70	midfielder	ljubljana  socialist federal republic of yugoslavia|sfr yugoslavia	
12298	jacek krzynowek	19760515	1.79	82	midfielder	kamie?sk  poland	
6131	neil clement	19781003	1.83	94	defender	reading  berkshire|reading  england	
10207	simone perrotta	19770917	1.78	72	midfielder	ashton-under-lyne  england	
12334	mladen petric	19810101	1.85	66	forwarder	dubrave  br??ko|dubrave  sfr yugoslavia	
1699	stefan effenberg	19680802	1.88	99	midfielder	hamburg  west germany	
12178	hossam ghaly	19811215	1.83	60	midfielder	kafr el-sheikh  egypt	
12261	mikael silvestre	19770809	1.83	69	defender	chambray-lËs-tours  france	
12213	raul	19770627	1.55	57	forwarder	madrid  spain	
12229	ashley young	19850709	1.75	88	midfielder	stevenage england	
7530	miroslav klose	19780609	1.82	81	forwarder	opole  poland	
9679	antonio chimenti	19700630	1.84	103	goalkeeper	bari  italy	
1360	tommy smith	19590730	2.01	79	forwarder	wolverhampton  england	
7213	kevin doyle	19830918	1.83	62	forwarder	adamstown  county wexford|adamstown  republic of ireland|ireland	
12283	thomas sorensen	19760612	1.96	72	goalkeeper	fredericia  denmark	
5460	olivier kapo	19800927	1.84	88	midfielder	abidjan  c√¥te d'ivoire	
2736	nicklas bendtner	19880116	1.93	76	forwarder	copenhagen  denmark	
12337	nuri sahin	19880905	1.79	92	midfielder	l¸denscheid  west germany	
10637	andy todd	19790222	1.78	85	midfielder	nottingham  england	
12362	djibril cisse	19810812	1.83	77	forwarder	arles  france	
4772	michael mancienne	19880108	1.84	61	defender	feltham  england{{cite book	
1575	freddy adu	19890602	1.70	88	midfielder	tema  ghana	
4558	stephen hunt	19841111	1.74	62	defender	southampton  england	
6840	damien johnson	19781118	1.75	89	midfielder	lisburn  northern ireland	
12390	michael dawson	19831118	1.81	102	defender	northallerton  england	
12152	javier saviola	19811211	1.68	83	forwarder	buenos aires  argentina	
2145	morten gamst pedersen	19810908	1.83	91	midfielder	vads√∏  finnmark norway	
12255	radhi jaidi	19750830	1.92	76	defender	gabËs  tunisia	
9548	santiago solari	19761007	1.85	103	midfielder	rosario  santa fe|rosario  argentina	
10745	gaizka mendieta	19740327	1.73	92	midfielder	bilbao  spain	
12250	eidur gudjohnsen	19780915	1.85	94	forwarder	reykjavÌk  iceland	
12176	li tie	19770518	1.83	100	midfielder	shenyang  liaoning  people's republic of china|china	
10757	tim krul	19880403	1.93	81	goalkeeper	the hague  netherlands	
4615	celestine babayaro	19780829	1.76	96	defender	kaduna  nigeria	
12274	ivan zamorano	19670118	1.78	83	forwarder	santiago  chile|santiago  chile	
12336	bosko jankovic	19840301	1.83	79	forwarder	belgrade  socialist federal republic of yugoslavia|sfr yugoslavia	
4974	jason brown	19820518	1.8	98	goalkeeper	southwark  england	
7714	david trezeguet	19771015	1.75	80	forwarder	rouen  france	
8548	john arne riise	19800924	1.85	77	defender	molde  norway	
9682	david james	19700801	1.89	95	goalkeeper	welwyn garden city  england	
12053	bobby zamora	19810116	1.83	85	forwarder	barking  london  england	
12219	danny mills	19770518	1.78	183	defender	norwich  england	
7370	torsten frings	19761122	1.97	80	midfielder	w√ºrselen  west germany	
8865	paolo maldini	19680626	1.86	67	defender	milan  italy	
5594	marcus hahnemann	19720615	1.91	85	goalkeeper	seattle  washington  united states	
2925	marco amelia	19820402	1.83	76	goalkeeper	frascati  italy	
9055	massimo maccarone	19790906	1.80	89	forwarder	galliate  italy	
11680	jens jeremies	19740305	1.77	72	midfielder	g√∂rlitz. east germany	
3843	karl-heinz rummenigge	19550925	1.82	81	forwarder	lippstadt  west germany	
6314	claudio pizarro	19781003	1.86	75	midfielder	callao  peru	
6598	tom huddlestone	19861228	1.91	61	midfielder	nottingham  england	
12179	maniche	19771111	1.73	61	midfielder	lisbon  portugal	
12355	mateja kezman	19790412	1.82	102	forwarder	belgrade  socialist federal republic of yugoslavia|sfr yugoslavia	
12196	aldair	19651130	1.87	63	defender	ilh√©us  brazil	
5368	tobias linderoth	19790421	1.77	66	midfielder	marseille  france	
1239	morgan de sanctis	19770326	1.90	92	goalkeeper	guardiagrele  italy	
897	mauro camoranesi	19761004	1.74	59	midfielder	tandil  argentina	
12349	mladen krstajic	19740304	1.91	65	defender	zenica  socialist federal republic of yugoslavia|sfr yugoslavia	
620	fredrik ljungberg	19770416	1.75	87	midfielder	vittsj√∂  sweden	
12311	eric abidal	19790911	1.86	64	defender	lyon  france	
12341	ivica olic	19790914	1.82	64	forwarder	davor  croatia|davor  sfr yugoslavia	
2721	john ruddy	19861024	1.93	86	goalkeeper	st ives  cambridgeshire|st. ives  england	
12346	danijel pranjic	19811202	1.71	93	midfielder	naöice  socialist federative republic of yugoslavia|yugoslavia	
12329	vladimir smicer	19730524	1.80	70	forwarder	d???Ìn  czechoslovakia	
12340	nikola zigic	19800925	2.02	63	forwarder	ba??ka topola  socialist federal republic of yugoslavia|sfr yugoslavia	
9809	ian walker	19711031	1.94	100	goalkeeper	watford  hertfordshire  england	
3408	carlos marchena	19790731	1.83	93	defender	las cabezas de san juan|las cabezas  spain	
8400	dennis rommedahl	19780722	1.79	85	goalkeeper	copenhagen  denmark	
5748	leandro romagnoli	19810317	1.72	87	midfielder	buenos aires  argentina	
12190	marcus bent	19780519	1.88	57	forwarder	hammersmith  london  england	
10047	gareth southgate	19700903	1.83	100	defender	watford  england	
2311	scott carson	19850903	1.91	67	goalkeeper	whitehaven  england	
12343	mirko vucinic	19831001	1.86	76	forwarder	niköi?  socialist federal republic of yugoslavia|sfr yugoslavia	
10621	jack collison	19881002	1.82	80	midfielder	watford  england	
12301	gerard pique	19870202	1.92	82	defender	barcelona  spain	
10202	emanuel pogatetz	19830116	1.90	91	defender	graz  austria	
4833	olivier veigneau	19850716	1.74	72	defender	suresnes  hauts-de-seine  france	
7650	diego forlan	19790519	1.80	96	forwarder	montevideo uruguay	
12231	walter samuel	19780323	1.83	92	defender	laborde argentina	
4966	jacques abardonado	19780527	1.84	61	defender	marseille  france	
12368	paul mcshane	19860106	1.96	61	defender	kilpedder  republic of ireland|ireland	
12342	asmir begovic	19870620	1.96	98	goalkeeper	trebinje  socialist federal republic of yugoslavia|sfr yugoslavia	
7126	lee martin	19680909	1.85	65	goalkeeper	huddersfield  england	
3485	johan elmander	19810527	1.88	66	forwarder	alings√•s  sweden	
2716	frank baumann	19751029	1.87	70	midfielder	w√ºrzburg  west germany	
2637	sebastian deisler	19800105	1.81	102	midfielder	l√∂rrach  west germany	
7612	romeo castelen	19830503	1.70	79	midfielder	paramaribo  suriname	
7349	thierry henry	19770817	1.88	67	forwarder	les ulis  essonne  france	
3673	maik taylor	19710904	1.93	63	goalkeeper	hildesheim  west germany	
12170	rivaldo	19720419	1.86	65	midfielder	paulista  brazil	
5180	hugo almeida	19840523	1.91	74	forwarder	figueira da foz  portugal	
12287	juan pablo sorin	19760505	1.73	93	defender	buenos aires  argentina	
12395	scott spencer	19890101	1.97	79	forwarder	oldham  england	
11502	yossi benayoun	19800505	1.78	85	midfielder	dimona  israel	
9988	benito carbone	19710814	1.68	87	forwarder	bagnara calabra  italy	
12406	steven taylor	19860123	1.91	90	defender	greenwich  london  england	
3316	john o'shea	19810430	1.90	91	defender	waterford  republic of ireland|ireland	
10978	jonathan spector	19860301	1.82	79	defender	arlington heights  illinois  united states	
9004	roman shirokov	19810706	1.83	83	midfielder	dedovsk  moscow oblast  soviet union	
6900	kasey keller	19691127	1.88	73	goalkeeper	olympia  washington|olympia  washington (state)|washington  united states	
12203	nani	19861117	1.75	78	midfielder	praia  cape verde	
8474	christian vieri	19730712	1.85	72	forwarder	bologna  italy	
6390	marlon king	19800426	1.85	67	forwarder	dulwich  london  england	
9806	kevin hofland	19790607	1.85	94	defender	heerlen  netherlands	
7761	andreas granqvist	19850416	1.92	78	defender	p√•arp  sweden	
9183	dominic matteo	19740428	1.88	82	defender	dumfries  scotland	
7943	diego tristan	19760105	1.86	87	forwarder	coimbra portugal	
12279	armand traore	19891008	1.85	93	defender	chatenay-malabry  france	
8301	luigi di biagio	19710603	1.75	57	defender	rome  italy	
12322	stevan jovetic	19891102	1.84	61	forwarder	podgorica|titograd  socialist federal republic of yugoslavia|sfr yugoslavia	
10520	jose baxter	19920207	1.75	73	midfielder	bootle  liverpool  england	
11239	franz beckenbauer	19450911	1.81	88	goalkeeper	munich  germany	
12227	joleon lescott	19820816	1.88	89	defender	birmingham england	
12388	john welsh	19840110	1.85	86	midfielder	wavertree  liverpool  england	
8402	nuno valente	19740912	1.81	62	defender	lisbon  portugal	
1422	michael owen	19791214	1.73	85	forwarder	chester  england	
1949	traianos dellas	19760131	1.96	70	defender	thessaloniki  greece	
2943	kenny miller	19791223	1.78	90	forwarder	edinburgh  scotland	
12331	hamit altintop	19821208	1.83	90	midfielder	gelsenkirchen  west germany	
11366	stewart downing	19840722	1.80	96	midfielder	middlesbrough  england	
9799	paul stalteri	19771018	1.80	80	defender	etobicoke  ontario  canada	
2070	nabil el zhar	19860827	1.75	89	midfielder	al√®s  france	
12308	sulley ali muntari	19840827	1.79	67	midfielder	konongo  ghana|konongo  ashanti region|ashanti  ghana	
12400	julio cesar	19790903	1.87	57	goalkeeper	duque de caxias  brazil	
9597	albert streit	19800328	1.80	57	midfielder	bucharest  romania	
11294	henrik larsson	19710920	1.78	92	forwarder	helsingborg  sweden	
9574	phil jagielka	19820817	1.83	103	defender	sale  greater manchester|sale  england	
9473	gary cahill	19851219	1.91	89	defender	dronfield  england	
12281	luis figo	19721104	1.80	80	midfielder	lisbon  portugal	
12126	stefano fiore	19750417	1.77	92	midfielder	cosenza  italy	
12280	fabio rochemback	19811210	1.83	64	midfielder	soledade  rio grande do sul|rs  brazil	
12363	petr cech	19820520	1.96	59	goalkeeper	plze?  czechoslovakia	
12317	stephane chapuisat	19690628	1.80	94	forwarder	lausanne  switzerland	
8530	afonso alves	19810130	1.85	85	forwarder	belo horizonte  brazil	
3262	daniele de rossi	19830724	1.84	82	midfielder	rome  italy	
1136	dennis bergkamp	19690510	1.88	80	forwarder	amsterdam  netherlands	
281	brett emerton	19790222	1.85	183	midfielder	bankstown  new south wales|bankstown  sydney  australia	
8658	sebastian boenisch	19870201	1.91	65	defender	gliwice  poland	
8540	alan smith	19621121	1.78	65	forwarder	hollywood  worcestershire|hollywood  worcestershire  england	
12293	bernard diomede	19740123	1.70	183	goalkeeper	saint-doulchard  france	
2232	ricardo osorio	19800330	1.73	84	defender	huajuapan de le√≥n  mexico	
3987	dimitrios papadopoulos	19811020	1.78	92	forwarder	gagarin  uzbek soviet socialist republic|uzbek ssr  soviet union	
12205	quim	19751113	1.97	97	goalkeeper	vila nova de famalic√£o municipality|famalic√£o  portugal	
8874	jack rodwell	19910311	1.85	59	midfielder	southport  merseyside  england	
11377	cristiano zanetti	19770414	1.80	92	midfielder	carrara  italy	
1682	kasper schmeichel	19861105	1.83	84	goalkeeper	copenhagen  denmark	
4544	igor akinfeev	19860408	1.86	66	goalkeeper	vidnoye  soviet union	
6199	bixente lizarazu	19691209	1.69	99	defender	saint-jean-de-luz  france	
2388	karim haggui	19840120	1.90	100	defender	kasserine  tunisia	
12338	claude makelele	19730218	1.70	67	midfielder	kinshasa  zaire	
7762	aaron hunt	19860904	1.83	82	midfielder	goslar  west germany	
7492	david cotterill	19871204	1.75	95	midfielder	cardiff  wales	
7842	moustapha salifou	19830601	1.80	88	midfielder	lom√©  togo	
12191	nick montgomery	19811028	1.75	91	midfielder	leeds  england	
5601	james mcfadden	19830414	1.78	88	forwarder	springburn  glasgow  scotland	
7875	roy carroll	19770930	1.88	76	goalkeeper	enniskillen  northern ireland	
4215	marouane fellaini	19871122	1.94	57	midfielder	etterbeek  belgium	
10589	niclas jensen	19740817	1.79	78	defender	copenhagen  denmark	
770	steve sidwell	19821214	1.83	81	midfielder	wandsworth  london  england	
12225	fred bennett	19831231	1.65	68	defender	manning south carolina	
12221	jonathan zebina	19780719	1.84	80	defender	paris france	
4661	tranquillo barnetta	19850522	1.78	87	midfielder	st. gallen  switzerland	
8641	dean ashton	19831124	1.86	62	forwarder	swindon  england	
9005	thiago motta	19820828	1.87	98	midfielder	s√£o bernardo do campo  brazil	
12003	alexander stolz	19831013	1.89	83	goalkeeper	pforzheim  west germany	
841	bernardo corradi	19760330	1.88	61	forwarder	siena  italy	
12323	josip simunic	19780218	1.8	89	defender	canberra  australia	
7775	ivan kaviedes	19771024	1.82	57	forwarder	crespo argentina	
12264	marek hamsik	19870727	1.83	97	midfielder	bansk?bystrica  czechoslovakia	
6680	antonio cassano	19820712	1.75	78	forwarder	bari  italy	
6284	alexander zickler	19740228	1.88	71	forwarder	bad salzungen  east germany	
1611	mohamed sissoko	19850122	1.89	84	midfielder	mont-saint-aignan  france	
5402	christian panucci	19730412	1.84	91	defender	savona  italy	
3958	steve simonsen	19790403	1.88	61	goalkeeper	south shields  england	
9180	florent malouda	19800613	1.77	80	midfielder	cayenne  french guiana  france	
7567	rory delap	19760706	1.83	88	midfielder	sutton coldfield  england	
12118	ben alnwick	19870101	1.83	100	goalkeeper	prudhoe  england	
12269	jose reina	19820831	1.88	94	goalkeeper	madrid  spain	
12207	alexsandro de souza	19770914	1.91	91	midfielder	curitiba  paran?(state)|paran? brazil	
4777	paul codrea	19810404	1.74	88	midfielder	timi≈üoara  romania	
6437	jorge campos	19661015	1.68	77	forwarder	acapulco  mexico	
475	boaz myhill	19821109	1.91	81	goalkeeper	modesto  california  united states	
12238	jamie carragher	19780128	1.85	83	defender	bootle merseyside england	
10851	nigel quashie	19780720	1.75	93	midfielder	london borough of southwark|southwark  london	
12358	alvaro recoba	19760317	1.79	98	forwarder	montevideo  uruguay	
12309	hernan crespo	19750705	1.84	78	forwarder	florida  buenos aires|florida  argentina	
8670	lars jacobsen	19790920	1.81	76	defender	odense  denmark	
6113	ibrahim ba	19731112	1.81	61	midfielder	dakar  senegal	
12394	eddie lewis	19740517	1.86	83	midfielder	cerritos  california  united states	
2536	tomasz kuszczak	19820320	1.91	65	goalkeeper	krosno odrza≈Ñskie  poland	
12330	frederic kanoute	19770902	1.93	103	goalkeeper	sainte-foy-lËs-lyon  france	
5806	rob hulse	19791025	1.85	100	forwarder	crewe  england	
12415	gary caldwell	19890716	1.85	64	forwarder	blagoevgrad bulgaria	
5467	igor budan	19800422	1.8	80	forwarder	rijeka  socialist federal republic of yugoslavia|sfr yugoslavia	
8041	salif diao	19770210	1.83	78	midfielder	k√©dougou  senegal	
1684	jerzy dudek	19730323	1.88	80	goalkeeper	rybnik  poland	
3254	gianluigi buffon	19780128	1.91	83	goalkeeper	carrara  italy	
11576	mario basler	19681218	1.86	98	midfielder	neustadt an der weinstra√üe|neustadt (weinstra√üe)  west germany	
12384	mark randall	19890928	1.77	60	midfielder	milton keynes  england	
9212	eren derdiyok	19880612	1.91	67	forwarder	basel  switzerland	
10350	walter pandiani	19760427	1.83	99	forwarder	montevideo  uruguay	
5598	rodrigo mendes	19750809	1.80	78	midfielder	uberaba  brazil	
10948	carlos alberto	19830320	1.93	79	goalkeeper	mexico df  mexico	
11938	omar bravo	19800304	1.70	86	forwarder	los mochis  sinaloa|los mochis  mexico	
2389	keith gillespie	19750218	1.78	77	midfielder	larne  northern ireland	
12306	tal ben-haim	19820331	1.83	78	defender	rishon lezion  israel	
12276	gustavo nery	19770722	1.82	86	defender	nova friburgo  brazil	
2710	timo hildebrand	19790405	1.85	62	goalkeeper	worms  germany|worms  west germany	
903	raul albiol	19850904	1.90	100	defender	spain	
11152	danny simpson	19870104	1.76	75	defender	eccles  greater manchester|eccles  england	
12223	jonny evans	19880103	1.89	57	defender	belfast northern ireland	
4776	mark iuliano	19730812	1.91	80	defender	cosenza  italy	
10338	shaun maloney	19830124	1.70	77	midfielder	miri  malaysia	
12332	emre belozoglu	19800907	1.70	76	midfielder	?stanbul  turkey	
4537	danny murphy	19770318	1.75	69	midfielder	chester  england	
2843	lucas neill	19780309	1.85	68	defender	sydney  australia	
12256	noe pamarot	19790414	1.80	72	defender	fontenay-sous-bois  france	
2322	hayden mullins	19790327	1.83	72	midfielder	reading  berkshire|reading  england	
8427	kerrea gilbert	19870228	1.75	96	defender	willesden  england	
2831	wilfred bouma	19780615	1.79	83	defender	helmond  netherlands	
5579	shola ameobi	19811012	1.91	70	forwarder	zaria  nigeria	
12391	luke young	19790719	1.83	78	defender	harlow  england	
3630	ian harte	19770831	1.77	59	defender	drogheda  republic of ireland|ireland	
1492	lorenzo ariaudo	19890611	1.86	65	defender	turin  italy	
2909	marco delvecchio	19730407	1.85	84	forwarder	milan  italy	
4589	nigel de jong	19841130	1.73	72	midfielder	amsterdam  netherlands	
12265	pavel pardo	19760726	1.75	86	midfielder	guadalajara  jalisco  mexico	
8138	kevin nolan	19820624	1.83	72	midfielder	liverpool  england	
998	pascal cygan	19740429	1.91	95	defender	lens  pas-de-calais|lens  france	
12380	roberto carlos	19730410	1.81	85	defender	garÁa  s„o paulo  brazil	
3434	francesco totti	19760927	1.8	82	forwarder	rome  italy	
6739	john terry	19801207	1.87	90	goalkeeper	barking  london  england	
8288	gabriel zakuani	19860531	1.85	88	defender	kinshasa  zaire	
9356	piotr trochowski	19840322	1.69	89	midfielder	tczew  poland	
3567	pierre van hooijdonk	19691129	1.93	92	forwarder	steenbergen  netherlands	
7525	steve cronin	19830528	1.93	86	goalkeeper	sacramento  california  united states	
7119	f?bio	19790524	1.79	82	midfielder	fano  italy	
10361	victor anichebe	19880423	1.90	81	forwarder	lagos  nigeria	
11619	gennaro gattuso	19780109	1.77	103	midfielder	corigliano calabro  italy	
11540	brede hangeland	19810620	1.99	76	defender	houston  texas  united states	
10986	aaron lennon	19870416	1.70	98	forwarder	chapeltown  leeds|chapeltown  leeds  england	
12296	ricardo vaz te	19861001	1.88	67	defender	lisbon  portugal	
11286	christian abbiati	19770708	1.91	80	goalkeeper	abbiategrasso  italy	
4860	salomon kalou	19850805	1.86	65	forwarder	abidjan  ivory coast	
3706	clarence seedorf	19760401	1.94	76	midfielder	paramaribo  suriname	
12367	david murphy	19840301	1.87	183	defender	hartlepool  england	
771	andrea dossena	19810911	1.80	66	midfielder	lodi  lombardy|lodi  italy	
1673	jonathan greening	19790102	1.80	73	midfielder	scarborough  north yorkshire|scarborough  england	
8487	joe cole	19811108	1.76	81	midfielder	paddington  london  england	
3429	igor duljaj	19791029	1.75	96	midfielder	topola  socialist federal republic of yugoslavia|sfr yugoslavia	
6871	oliver neuville	19730501	1.71	92	forwarder	locarno  switzerland	
3026	daryl murphy	19830315	1.83	74	forwarder	waterford  republic of ireland|ireland	
12239	wayne bridge	19800805	1.80	65	defender	southampton england	
9947	darius vassell	19800613	1.76	103	forwarder	sutton coldfield  england	
11018	stipe pletikosa	19790108	1.93	68	goalkeeper	split (city)|split  sr croatia  socialist federal republic of yugoslavia|sfr yugoslavia	
1725	lassana diarra	19850310	1.73	87	midfielder	paris  france	
796	alberto aquilani	19840707	1.86	78	midfielder	rome  italy	
3624	ioannis amanatidis	19811203	1.83	99	forwarder	kozani  greece	
4904	justin mapp	19841018	1.80	60	midfielder	brandon  mississippi  united states	
8098	carlos vela	19890301	1.77	79	forwarder	canc√∫n  mexico	
9184	emmanuel adebayor	19840226	1.94	91	forwarder	lom√©  togo	
12320	robin van persie	19830806	1.83	62	forwarder	rotterdam  netherlands	
3585	gabriel batistuta	19690201	1.85	77	forwarder	reconquista  santa fe|reconquista  argentina	
10489	hakan yakin	19770222	1.80	64	forwarder	basel  switzerland	
604	barry ferguson	19780202	1.78	71	midfielder	hamilton  south lanarkshire|hamilton  scotland	
12183	juninho	19750130	1.99	82	midfielder	recife brazil	
8580	samuel eto'o	19810310	1.19	75	forwarder	douala  cameroon	
5604	dave kitson	19800121	1.91	70	forwarder	hitchin  england	
6650	iker casillas	19810520	1.85	60	goalkeeper	m√≥stoles  spain	
3338	tyrone mears	19830218	1.81	90	defender	chadderton  metropolitan borough of oldham|oldham  england	
1072	nicky hunt	19830903	1.85	94	defender	westhoughton  england	
4682	niclas alexandersson	19711229	1.81	99	midfielder	halmstad  sweden	
9240	fabio cannavaro	19730913	1.76	75	defender	naples  italy	
398	angelos basinas	19760103	1.75	76	midfielder	chalkida  greece	
4787	karim benzema	19871219	1.84	60	forwarder	lyon  france	
1009	robbie keane	19800708	1.75	67	forwarder	dublin  ireland	
1925	george mccartney	19810429	1.83	79	defender	belfast  northern ireland	
3075	wilson palacios	19840729	1.78	102	midfielder	la ceiba  honduras	
6507	george boateng	19750905	1.70	64	midfielder	nkawkaw  ghana	
12232	ruud van nistelrooy	19760701	1.88	80	forwarder	oss  north brabant  netherlands	
1081	rafael van der vaart	19830211	1.75	61	midfielder	heemskerk  netherlands	
9887	giorgio chiellini	19840814	1.86	96	defender	pisa  italy	
11504	chris eagles	19851119	1.83	81	midfielder	hemel hempstead  hertfordshire  england	
5474	lilian thuram	19720101	1.82	71	defender	pointe-√†-pitre  guadeloupe	
9606	gary mcallister	19641225	1.85	95	midfielder	motherwell  scotland|motherwell  scotland	
12412	james vaughan	19880714	2.02	59	forwarder	birmingham  england	
12245	philip cocu	19701029	1.85	92	midfielder	eindhoven  netherlands	
8938	valeri bojinov	19860215	1.8	71	forwarder	gorna oryahovitsa  people's republic of bulgaria|bulgaria	
6335	per mertesacker	19840929	1.98	85	defender	hanover  west germany	
1984	pascal chimbonda	19790221	1.80	62	defender	les abymes  guadeloupe	
10467	fredi bobic	19711030	1.88	91	forwarder	maribor  sfr yugoslavia	
1497	steven reid	19810310	1.85	83	defender	kingston upon thames  england	
12321	jaroslaw fojut	19871017	1.88	91	defender	legionowo  poland	
9566	mark viduka	19751009	1.88	65	forwarder	melbourne  australia	
11064	paul konchesky	19810515	1.78	67	defender	barking  london  england	
9062	paul ince	19671021	1.78	65	midfielder	ilford  london borough of redbridge|redbridge  england	
12327	bjarni vidarsson	19880305	1.85	183	midfielder	reykjavÌk  iceland	
8009	marco di vaio	19760715	1.80	88	forwarder	rome  italy	
3022	fabien barthez	19710628	1.80	93	goalkeeper	lavelanet  france	
1205	tim cahill	19791206	1.78	63	midfielder	sydney  australia	
4684	alan stubbs	19711006	1.88	69	defender	kirkby  lancashire  england	
6912	adel taarabt	19890524	1.78	97	midfielder	fes  morocco	
5440	heurelho gomes	19810215	1.91	63	goalkeeper	jo√£o pinheiro  minas gerais|jo√£o pinheiro  minas gerais|mg  brazil	
2948	charles n'zogbia	19860528	1.71	97	midfielder	harfleur  france	
12372	tomas rosicky	19801004	1.79	90	midfielder	prague  czechoslovakia	
5290	caleb folan	19821026	1.68	86	forwarder	leeds  england	
5373	david martin	19860122	2.01	95	goalkeeper	romford  london  england	
1623	wesley sneijder	19840609	1.70	81	midfielder	utrecht  netherlands	
10036	kris commons	19830830	1.68	64	midfielder	mansfield  england	
10998	rhys taylor	19900407	1.88	79	goalkeeper	neath  wales	
12300	ali al habsi	19811230	1.96	76	goalkeeper	muscat  oman|muscat  oman	
2025	jens nowotny	19740111	1.87	67	defender	malsch  west germany	
11510	ebbe sand	19720719	1.83	78	forwarder	aalborg  denmark	
12386	luis garcia	19780624	1.19	67	midfielder	badalona  spain	
51	stefano lucchini	19801002	1.93	76	midfielder	codogno  italy	
320	richard kingson	19780613	1.83	86	goalkeeper	accra  greater accra region|greater accra  ghana	
12272	younes kaboul	19860104	1.90	74	defender	saint-julien-en-genevois  france	
12194	andriy shevchenko	19760929	1.83	72	forwarder	yahotyn raion  kiev oblast|kiev region  ukrainian soviet socialist republic|ukrainian ssr  soviet union	
5087	alberto paloschi	19900104	1.82	85	forwarder	chiari  lombardy|chiari  lombardy  italy	
11450	greg halford	19841208	1.94	64	defender	chelmsford  england	
12316	jason roberts	19780102	1.7	95	forwarder	park royal  london  england	
4055	andreas brehme	19601109	1.76	98	defender	hamburg  west germany	
7146	tony stokes	19870107	1.78	93	midfielder	london  england	
2114	mart poom	19720203	1.95	61	goalkeeper	tallinn  estonia	
1857	miguel veloso	19860511	1.80	92	midfielder	coimbra  portugal	
9188	alessandro costacurta	19660424	1.83	99	defender	jerago con orago|orago  italy	
7470	boubacar sanogo	19821217	1.87	57	forwarder	dimbokro  c√¥te d'ivoire	
8519	jan koller	19730330	2.02	83	forwarder	prague  czechoslovakia	
12174	martin petrov	19790115	1.80	68	midfielder	vratsa  bulgaria	
1367	rio ferdinand	19781107	1.89	90	defender	denmark hill  london  england	
2340	fernando meira	19780605	1.90	77	defender	guimar√£es  portugal	
11203	nicky butt	19750121	1.78	83	midfielder	gorton  england	
12215	michael gray	19740803	1.96	89	defender	city of sunderland|sunderland  england	
8093	marco materazzi	19730819	1.93	92	defender	lecce  italy	
3326	fernando torres	19840320	1.83	103	forwarder	fuenlabrada  spain	
1404	neil sullivan	19700224	1.94	87	goalkeeper	london borough of sutton|sutton  england	
12171	mineiro	19750802	1.81	59	midfielder	porto alegre rio grande do sul brazil	
12397	david weir	19700510	1.93	81	defender	falkirk  scotland	
5915	steve harper	19690203	1.87	81	midfielder	newcastle-under-lyme  england	
11913	andy griffin	19790317	1.75	62	defender	higher end  wigan  england	
1305	lloyd owusu	19761212	1.88	99	forwarder	slough  england	
7956	gianfranco zola	19660705	1.68	78	forwarder	oliena  italy	
10551	mathieu flamini	19840307	1.78	183	midfielder	marseille  france	
6155	ryan nelsen	19771018	1.83	84	defender	christchurch  new zealand	
4825	martin laursen	19770726	1.90	93	defender	f√•rvang  denmark	
12411	stephen kelly	19830906	1.67	183	defender	dublin  republic of ireland|ireland	
12357	hermann hreidarsson	19740711	1.91	64	defender	reykjavÌk  iceland	
11550	michael ball	19791002	1.84	81	defender	england	
12228	jon dahl tomasson	19760829	1.82	99	forwarder midfielder	copenhagen denmark	
5499	christian pander	19830828	1.86	87	defender	m√ºnster  west germany	
1094	andreas hinkel	19820326	1.85	83	defender	backnang  west germany	
4439	carlton cole	19831012	1.91	80	forwarder	croydon london  england	
6990	ryan giggs	19731129	1.79	93	midfielder	cardiff  wales	
7085	linvoy primus	19730914	1.78	65	defender	forest gate  england	
12351	nemanja vidic	19811021	1.89	69	defender	uûice|titovo uûice  socialist federal republic of yugoslavia|sfr yugoslavia	
12292	santiago canizares	19691218	1.81	61	goalkeeper	madrid  spain	
2293	roberto abbondanzieri	19720819	1.86	59	goalkeeper	bouquet  santa fe|bouquet  argentina	
2478	abel xavier	19721130	1.78	85	defender	nampula  portuguese mozambique	
5609	bryan hughes	19760619	1.78	72	midfielder	liverpool  england	
11889	gabriel milito	19800907	1.79	61	defender	bernal  argentina|bernal  argentina	
4843	segundo castillo	19820515	1.79	100	midfielder	san lorenzo  ecuador	
3027	mario yepes	19760113	1.86	103	defender	cali  colombia	
11120	manuel fernandes	19860205	1.95	100	midfielder	lisbon  portugal	
12211	wellington santos da silva	19850817	1.7	92	defender	guarulhos  brazil	
9308	paul gerrard	19730122	1.88	97	goalkeeper	heywood  greater manchester|heywood  england	
9997	michael rensing	19840514	1.88	68	goalkeeper	lingen  west germany	
12374	nacer barazite	19900527	1.88	86	midfielder	arnhem  netherlands	
7779	paul scholes	19741116	1.71	61	midfielder	salford  greater manchester|salford  england	
8594	brad friedel	19710518	1.87	74	goalkeeper	lakewood  ohio  united states	
6478	francis jeffers	19810125	1.75	67	forwarder	liverpool  england	
633	gary naysmith	19781116	1.78	103	defender	edinburgh  scotland	
2678	ryan babel	19861219	1.84	68	forwarder	amsterdam  netherlands	
759	rade prica	19800630	1.85	87	forwarder	ljungby  sweden	
2132	nigel martyn	19660811	1.88	100	goalkeeper	st austell  england	
8819	lee bowyer	19770103	1.76	62	forwarder	canning town  london  england	
6434	valon behrami	19850419	1.85	72	midfielder	titova mitrovica  socialist federal republic of yugoslavia|sfr yugoslavia	
1025	andrea pirlo	19790519	1.77	103	midfielder	flero  lombardy  italy	
507	fabian ernst	19790530	1.83	91	midfielder	hannover  west germany	
3159	liam ridgewell	19840721	1.88	61	defender	bexleyheath  england	
8106	tim wiese	19811217	1.93	96	goalkeeper	bergisch gladbach  west germany	
5392	dwight yorke	19711103	1.75	70	forwarder	canaan  tobago|canaan  trinidad and tobago	
11287	kieran richardson	19841021	1.77	63	midfielder	greenwich  london  england	
12410	james beattie	19780227	1.85	84	forwarder	lancaster  lancashire|lancaster  england	
1720	petri pasanen	19800924	1.87	76	defender	lahti  finland	
6333	gary kelly	19660803	1.19	80	goalkeeper	preston  lancashire|preston  england	
5874	kevin campbell	19700204	1.75	63	forwarder	lambeth  london  england	
12405	gareth bale	19890716	1.83	102	midfielder	worms west germany	
12344	ante jazic	19760226	1.80	86	defender	bedford  nova scotia  canada	
5319	giuseppe rossi	19860823	1.73	73	forwarder	bari  italy	
4616	diego milito	19790612	1.83	88	forwarder	bernal  argentina|bernal  argentina	
12278	ze roberto	19740706	1.72	71	midfielder	ipiranga  s„o paulo (state)|s„o paulo  brazil	
5574	antoine sibierski	19740805	1.88	80	midfielder	lille  france	
6122	ross wallace	19850523	1.60	86	midfielder	dundee  scotland	
12091	zurab khizanishvili	19811006	1.85	103	defender	tbilisi  georgia ssr  soviet union|ussr	
12197	geremi	19781220	1.77	89	defender midfielder	boipatong south africa	
4857	rubin okotie	19870606	1.88	62	forwarder	karachi  pakistan	
6466	simon rolfes	19820121	1.91	97	midfielder	ibbenb√ºren  west germany	
8028	rigobert song	19760701	1.83	69	defender	nkenglicock  cameroon	
1431	david wheater	19870214	1.96	70	defender	redcar  england	
3295	markus babbel	19720908	1.91	88	defender	munich  west germany	
34	matthew upson	19790418	1.85	93	defender	hartismere  eye  suffolk  england	
12266	sebastien frey	19800318	1.89	94	goalkeeper	thonon-les-bains  france	
4070	luke moore	19860213	1.80	71	forwarder	birmingham  england	
12381	patrick boyle	19870320	1.79	61	defender	glasgow  scotland	
2771	leon osman	19810517	1.73	62	midfielder	higher end|billinge higher end  metropolitan borough of wigan|wigan  greater manchester	
6881	joe hart	19870419	1.96	91	goalkeeper	shrewsbury  shropshire  england	
6406	christian eichner	19821124	1.83	183	defender	sulzfeld  baden-w√ºrttemberg|sulzfeld  west germany	
635	christian dailly	19731023	1.83	95	defender	dundee  scotland	
12154	mark noble	19870508	1.77	84	midfielder	canning town  london  england	
10320	laurent robert	19750521	1.73	69	midfielder	saint-beno√Æt  r√©union|saint-beno√Æt  r√©union	
5411	stefan maierhofer	19820816	2.02	86	forwarder	gablitz  austria	
4047	marcel desailly	19680907	1.88	75	defender	accra  greater accra region|greater accra  ghana	
12169	angelos charisteas	19800209	1.90	85	forwarder	strymoniko  serres serres  greece	
12032	matthias sammer	19670905	1.80	94	forwarder	dresden  east germany	
2763	junichi inamoto	19790918	1.81	90	midfielder	yusui  kagoshima  japan	
11733	david jones	19640703	1.8	71	forwarder	london borough of harrow|harrow  england	
2519	chris kirkland	19810502	1.91	84	goalkeeper	barwell  leicestershire  england	
8836	ashley cole	19801220	1.76	65	goalkeeper	stepney  london  england	
10918	william gallas	19770817	1.83	183	defender	asni√®res-sur-seine  france	
10601	michael johnson	19730704	1.67	95	defender	nottingham  england	
4630	michael duberry	19751014	1.85	64	defender	enfield town|enfield  middlesex  england	
8144	alberto gilardino	19820705	1.84	79	forwarder	biella  italy	
10326	pablo aimar	19791103	1.70	62	midfielder	r√≠o cuarto  c√≥rdoba|r√≠o cuarto  argentina	
12373	adam johnson	19870714	1.78	68	midfielder	sunderland  tyne and wear|sunderland  england	
12222	paulo ferreira	19790118	1.83	72	defender	cascais portugal	
7686	jay simpson	19881201	1.80	87	forwarder	london borough of enfield|enfield  england	
11840	zlatko zahovic	19710201	1.80	61	midfielder	malmo sweden 	
518	darijo srna	19820501	1.83	98	goalkeeper	metkoviƒá  socialist federal republic of yugoslavia|sfr yugoslavia	
7847	christian lell	19840829	1.83	75	defender	munich  west germany	
12185	ronaldinho	19800321	1.82	80	midfielder	porto alegre  brazil	
7229	quinton fortune	19770521	1.78	77	midfielder	cape town  south africa	
2552	shay given	19760420	1.85	73	goalkeeper	lifford  republic of ireland|ireland	
12030	daniel gygax	19810828	1.79	68	midfielder	z√ºrich  switzerland	
12371	chris klein	19760104	1.85	90	defender	st. louis  missouri  united states	
5496	papa bouba diop	19780128	1.74	96	midfielder	dakar  senegal	
1913	wesley sonck	19780809	1.74	60	forwarder	ninove  belgium	
12249	jose luis chilavert	19650727	1.88	62	goalkeeper	luque  paraguay	
8240	fernando gago	19860410	1.76	66	midfielder	ciudadela  buenos aires|ciudadela  argentina	
956	stephen bywater	19810607	1.91	66	goalkeeper	oldham  england	
8588	lukas podolski	19850604	1.82	97	forwarder	gliwice  poland	
7303	bruno n'gotty	19710610	1.88	59	defender	lyon  france	
992	fabricio coloccini	19820122	1.83	78	defender	c√≥rdoba  argentina|c√≥rdoba  argentina	
12310	ivan rakitic	19880310	1.84	72	midfielder	mˆhlin  switzerland	
10195	tony hibbert	19810220	1.75	79	defender	liverpool  england	
6572	fraizer campbell	19870913	1.72	100	forwarder	huddersfield  england	
2044	daniel jensen	19790625	1.80	183	midfielder	copenhagen  denmark	
3806	lewis price	19840719	1.91	64	goalkeeper	bournemouth  england	
2956	mamadou niang	19791013	1.83	89	forwarder	matam  senegal|matam  senegal	
5022	carlo nash	19730913	1.96	79	goalkeeper	bolton  england	
3385	fabio grosso	19771128	1.90	63	defender	rome  italy	
4690	wayne rooney	19851024	1.76	87	forwarder	croxteth  liverpool  england	
1808	jean-alain boumsong	19791214	1.91	78	defender	douala  cameroon	
9936	titus bramble	19810731	1.85	95	defender	ipswich  suffolk  england	
6475	sacha kljestan	19850909	1.85	60	midfielder	huntington beach  california  united states	
2227	darren fletcher	19840201	1.83	89	midfielder	edinburgh  scotland	
12339	ruben olivera	19830504	1.84	100	midfielder	montevideo  uruguay	
12325	marko pantelic	19780915	1.83	61	forwarder	belgrade  socialist federal republic of yugoslavia|sfr yugoslavia (now serbia)	
11358	diego placente	19770424	1.76	69	defender	buenos aires  argentina	
46	philipp degen	19830215	1.85	67	defender	liestal  switzerland	
12275	gustavo poyet	19671115	1.88	74	midfielder	montevideo  uruguay	
12260	jesper gronkjaer	19770812	1.87	89	midfielder	nuuk  greenland	
11602	kaka	19840718	1.93	74	forwarder	plovdiv  bulgaria	
12389	david healy	19790805	1.94	72	forwarder	killyleagh  county down  northern ireland	
5517	nuno gomes	19760705	1.81	59	forwarder	amarante  portugal	
3743	sidney govou	19790727	1.75	66	forwarder	le puy-en-velay  france	
3711	darron gibson	19871025	1.83	73	midfielder	derry  northern ireland	
155	gary doherty	19800131	1.88	66	defender	carndonagh  republic of ireland|ireland	
5659	daniel cousin	19770202	1.86	98	forwarder	libreville  gabon	
2107	artur boruc	19800220	1.93	89	goalkeeper	siedlce  poland	
2183	david rozehnal	19800705	1.91	94	defender	≈†ternberk  czechoslovakia	
10189	lamine diatta	19750702	1.84	64	defender	dakar  senegal	
7150	tom heaton	19860415	1.88	94	goalkeeper	chester  england	
11858	albert riera	19820415	1.88	102	midfielder	manacor  spain	
12242	martin skrtel	19841215	1.91	79	defender	handlov?slovakia	
2449	dirk kuyt	19800722	1.84	64	forwarder	katwijk aan zee  netherlands	
8137	fabio quagliarella	19830131	1.80	68	forwarder	castellammare di stabia  italy	
11964	timo heinze	19860223	1.71	63	defender	rosenheim  west germany	
3190	didier zokora	19801214	1.80	64	midfielder	abidjan  ivory coast	
7345	david dunn	19811101	1.78	83	midfielder	bellshill  scotland	
12290	kevin kuranyi	19820302	1.9	80	forwarder	rio de janeiro  brazil	
4675	denny landzaat	19760506	1.78	90	midfielder	amsterdam  netherlands	
10600	bernard mendy	19810820	1.8	89	defender	√âvreux  france	
12307	andy cole	19711015	1.78	70	forwarder	nottingham  england	
12291	sergio aguero	19880602	1.72	75	forwarder	quilmes  argentina	
5055	erik edman	19781111	1.79	68	defender	j√∂nk√∂ping  sweden	
10291	zat knight	19800502	1.98	93	defender	solihull  england	
6251	valerio fiori	19690427	1.85	99	goalkeeper	rome  italy	
552	joseph yobo	19800906	1.88	73	defender	kono  rivers|kono  nigeria	
3352	marco borriello	19820618	1.55	73	forwarder	naples  italy	
3999	ricardo gardner	19780925	1.75	74	midfielder	saint andrew  jamaica|saint andrew parish  jamaica	
4254	ledley king	19801012	1.88	88	defender	bow  london|bow  england	
1882	nick barmby	19740211	1.7	71	midfielder	kingston upon hull  england	
7139	alessandro nesta	19760319	1.87	79	defender	rome  italy	
12177	gabriel agbonlahor	19861013	1.80	96	forwarder	birmingham  england	
5432	aaron ramsey	19901226	2.02	78	midfielder	caerphilly  wales	
7513	brian laudrup	19690222	1.86	102	midfielder	vienna  austria	
928	liam cooper	19910830	1.80	59	defender	kingston upon hull  england	
7285	peter enckelman	19770310	1.88	98	goalkeeper	turku  finland	
12294	nikos spiropoulos	19831010	1.74	98	forwarder	ioannina  greece	
791	jonathan woodgate	19800122	1.83	60	defender	nunthorpe  middlesbrough  england	
12319	zdenek grygera	19800514	1.74	78	defender	p?Ìlepy (krom??Ìû district)|p?Ìlepy  czechoslovakia  (now czech republic)	
7974	craig gordon	19821231	1.93	91	goalkeeper	edinburgh  scotland	
7144	david bentley	19840827	1.73	66	midfielder	peterborough  england	
9629	michael brown	19770125	1.94	74	midfielder	hartlepool  england	
12273	andy van der meyde	19790930	1.78	75	midfielder	arnhem  netherlands	
1170	jermaine jenas	19830218	1.79	93	midfielder	nottingham  england	
11907	francesco bolzoni	19890507	1.80	69	midfielder	lodi  lombardy|lodi  italy	
2660	antonio di natale	19771013	1.70	91	forwarder	naples  italy	
10080	les ferdinand	19661208	1.80	75	forwarder	paddington  london  england	
12312	gael clichy	19850726	1.76	69	defender	toulouse  france	
8876	ched evans	19881228	1.83	94	forwarder	st asaph wales	
6374	julio arca	19810131	1.75	72	midfielder	quilmes  argentina	
10134	iain turner	19840126	1.93	80	goalkeeper	stirling  scotland	
8945	johan djourou	19870118	1.92	64	defender	abidjan  c√¥te d'ivoire	
10324	anton ferdinand	19850218	1.83	74	defender	peckham  london  england	
10490	yoann gourcuff	19860711	1.85	86	midfielder	ploemeur  france	
11045	shaun wright-phillips	19811025	1.66	67	midfielder	greenwich  london  england	
7575	massimo donati	19810326	1.86	75	midfielder	san vito al tagliamento  italy	
4301	patrick kluivert	19760701	1.88	83	forwarder	amsterdam  netherlands	
171	calum davenport	19830101	1.93	103	defender	bedford  england	
276	heiko westermann	19830814	1.90	90	defender	alzenau  west germany	
8847	felipe melo	19830626	1.83	95	midfielder	volta redonda  brazil	
2753	javier zanetti	19730810	1.78	75	goalkeeper	buenos aires  argentina	
12208	emerson	19860223	1.91	67	defender	s„o paulo  brazil	
6069	damien duff	19790302	1.77	79	midfielder	ballyboden  dublin  republic of ireland|ireland	
11304	patrik berger	19731110	1.85	91	midfielder	prague  czechoslovakia	
12399	mido	19830223	1.81	79	forwarder	cairo  egypt	
5335	michael reiziger	19730503	1.78	90	defender	amstelveen  netherlands	
12352	michal zewlakow	19760422	1.83	65	defender	warsaw  poland	
4322	ryan shawcross	19871004	1.91	88	defender	chester  england	
12184	deco	19770827	1.74	73	midfielder	s√£o bernardo do campo  brazil	
8022	marcell jansen	19851104	1.91	98	midfielder	m√∂nchengladbach  west germany	
6737	ismael urzaiz	19711007	1.88	183	forwarder	tudela  navarre|tudela  spain	
12187	rafinha	19850907	1.71	71	defender	londrina  brazil	
12257	marcio amoroso	19740705	1.80	103	forwarder	brasÌlia  brazil	
5119	marc crosas	19880109	1.76	64	midfielder	sant feliu de gu√≠xols  spain	
5571	lee carsley	19740228	1.80	90	midfielder	birmingham  england	
3873	mario balotelli	19900812	1.89	80	forwarder	palermo  italy	
7579	mehmet scholl	19701016	1.77	77	midfielder	karlsruhe  west germany	
12235	cristiano ronaldo	19850205	1.86	74	forwarder (association football)|forward	funchal  madeira  portugal	
12378	paul anderson	19880723	1.97	64	defender	melton mowbray  england	
11384	marius niculae	19810516	1.84	93	forwarder	bucharest  romania	
9978	alan hutton	19841130	1.85	64	defender	glasgow  scotland	
9766	esteban cambiasso	19800818	1.78	73	midfielder	buenos aires  argentina	
12199	grafite	19790402	1.89	73	forwarder	jundia√≠  s√£o paulo (state)|s√£o paulo  brazil	
3220	park ji-sung	19810225	1.75	86	midfielder	goheung  south jeolla province|jeollanam-do  south korea	
6904	gary neville	19750218	1.80	83	defender	bury  greater manchester  england	
11694	john carew	19790905	1.97	98	forwarder	l√∏renskog  akershus  norway	
11608	theo walcott	19890316	1.76	102	forwarder	stanmore  london  england	
7848	paul scharner	19800311	1.90	72	defender	scheibbs  austria	
12182	robinho	19840125	1.72	66	forwarder	s√£o vicente  s√£o paulo|s√£o vicente  brazil	
12350	dusko tosic	19850119	1.84	72	defender	zrenjanin  socialist federal republic of yugoslavia|sfr yugoslavia	
12326	marko arnautovic	19890419	1.92	65	midfielder	vienna  austria	
12214	mancini	19800801	1.92	102	midfielder	ipatinga  brazil	
2284	habib beye	19771019	1.82	94	defender	suresnes  france	
11106	mark davies	19880218	0.76	85	midfielder	wolverhampton  england	
6946	franck queudrue	19780827	1.83	97	defender	paris  france	
2378	xavi	19730228	1.70	67	goalkeeper	castell√≥n de la plana  spain	
95	georg niedermeier	19860226	1.88	67	defender	munich  west germany	
9807	leon andreasen	19830423	1.88	103	defender	aidt  denmark	
10120	sibusiso zuma	19750623	1.80	62	forwarder	durban  south africa	
542	sami khedira	19870404	1.89	85	midfielder	stuttgart  west germany	
11951	giuseppe favalli	19720108	1.82	95	defender	orzinuovi  italy	
6496	robert green	19800118	1.91	90	goalkeeper	chertsey  england	
10170	benny feilhaber	19850119	1.75	69	midfielder	rio de janeiro  brazil	
6681	domenico criscito	19861230	1.83	73	defender	cercola  italy	
7889	steven gerrard	19800530	1.83	90	midfielder	whiston  merseyside  england	
5914	markus rosenberg	19820927	1.85	71	forwarder	malm√∂  sweden	
8979	massimo ambrosini	19770529	1.82	98	midfielder	pesaro  marche  italy	
12181	joaquin	19810721	1.98	86	defender	moddlesbrough england	
12248	sami hyypia	19731007	1.96	97	defender	porvoo  finland	
5951	phil neville	19770121	1.80	98	defender	bury  england	
10852	ibrahim afellay	19860402	1.80	74	midfielder	utrecht  netherlands	
253	ugo ehiogu	19721103	1.92	83	defender	london  england	
9960	leighton baines	19841211	1.70	89	defender	kirkby  merseyside  england	
7481	thomas gravesen	19760311	1.83	85	midfielder	vejle  denmark	
8973	richard wright	19771105	1.73	79	goalkeeper	ipswich  england	
12254	vitor baia	19691015	1.85	86	goalkeeper	s„o pedro da afurada  portugal	
7692	goran pandev	19830727	1.85	63	forwarder	strumica  socialist federal republic of yugoslavia|sfr yugoslavia (now republic of macedonia|macedonia)	
5187	khalid boulahrouz	19811228	1.83	84	defender	maassluis  netherlands	
4535	antonio valencia	19850804	1.80	99	midfielder	nueva loja|lago agrio  ecuador	
1317	owen hargreaves	19810120	1.80	94	midfielder	calgary  alberta  canada	
2295	laurent blanc	19651119	1.92	82	defender	al√®s  france	
12202	naldo	19820910	1.84	88	defender	londrina  brazil	
8982	vincenzo iaquinta	19791121	1.91	84	forwarder	cutro  italy	
2084	ray parlour	19730307	1.78	69	midfielder	barking  london  england	
9908	rod fanni	19811206	1.86	183	defender	martigues  france	
9410	gabriel heinze	19780419	1.78	80	defender	crespo  entre r√≠os|crespo  argentina	
4145	nwankwo kanu	19760801	1.97	95	forwarder	owerri  nigeria	
1289	stuart parnaby	19820719	1.80	73	defender	durham  england	
8291	giovanni van bronckhorst	19750205	1.78	63	defender	rotterdam  netherlands	
5026	john irving	19420302	1.85	92	goalkeeper	exeter  new hampshire	
12165	reinaldo	19830117	1.92	86	midfielder	santa fe  argentina|santa fe  argentina	
55	david gray	19880504	1.65	93	defender	edinburgh  scotland{{cite web	
11665	mario melchiot	19761104	1.88	86	defender	amsterdam  netherlands	
10858	graeme le saux	19681017	1.78	71	defender	saint helier|st. helier  jersey  channel islands|ci	
6328	fabrizio miccoli	19790627	1.68	64	forwarder	nard√≤  italy	
12398	andy johnson	19740502	1.70	70	midfielder	bristol  england	
1016	ludovic magnin	19790420	1.86	95	defender	lausanne  switzerland	
2712	christoph spycher	19780330	1.74	78	goalkeeper	wolhusen  switzerland	
12348	vedran corluka	19860205	1.93	78	defender	derventa  sfr yugoslavia	
12295	vratislav gresko	19770724	1.83	73	defender	tajov  czechoslovakia	
12216	mario gomez	19850710	1.89	87	forwarder	riedlingen  west germany	
1953	roberto di matteo	19700529	1.78	98	midfielder	schaffhausen  switzerland	
3150	scott parker	19801013	1.75	60	midfielder	lambeth  london  england	
4541	lucas radebe	19690412	1.86	62	defender	soweto  south africa	
12233	andy reid	19820729	1.69	84	midfielder	dublin ireland	
12414	nen?	19810719	1.73	96	forwarder	jundia? brazil	
12263	per kroldrup	19790731	1.94	91	defender	fars? denmark	
1701	samir nasri	19870626	1.75	66	midfielder	marseille  france	
4798	jamie ashdown	19801130	1.93	90	goalkeeper	reading  berkshire|reading  england	
12408	marko babic	19810128	1.65	72	midfielder	osijek  sfr yugoslavia	
2617	konstantin zyryanov	19771005	1.76	86	midfielder	perm  russia|perm  russian sfsr  soviet union	
7458	samuel kuffour	19760903	1.78	57	defender	kumasi  ghana	
9636	patrik andersson	19710818	1.85	97	defender	borgeby  sweden	
1001	michael ballack	19760926	1.89	65	midfielder	g√∂rlitz  east germany	
9555	philipp lahm	19831111	1.70	79	defender	munich  west germany	
6934	jens lehmann	19691110	1.90	61	goalkeeper	essen  germany|essen  west germany	
732	obafemi martins	19841028	1.72	57	forwarder	lagos  nigeria	
12288	cuauhtemoc blanco	19730117	1.77	85	midfielder	mexico city  mexico	
798	fernando cavenaghi	19830921	1.80	91	forwarder	o'brien  argentina|o'brien  argentina	
262	tim borowski	19800502	1.94	63	midfielder	neubrandenburg  east germany	
12259	rafael marquez	19790213	1.82	94	defender	zamora de hidalgo|zamora  michoac·n  mexico	
9425	flavio roma	19740621	1.91	86	goalkeeper	rome  italy	
10647	shabani nonda	19770306	1.82	83	forwarder	bujumbura  burundi	
12376	emmanuel eboue	19830604	1.78	183	defender	abidjan  ivory coast	
12318	luka modric	19850909	1.74	67	midfielder	zadar  croatia	
4528	guglielmo stendardo	19810506	1.90	74	defender	naples  italy	
11080	david villa	19811203	1.75	68	forwarder	langreo  spain	
2636	ryan taylor	19840819	1.55	67	midfielder	liverpool  england	
11126	ricardo quaresma	19830926	1.73	67	forwarder	lisbon  portugal	
9723	stephen ireland	19860822	1.73	103	midfielder	cork (city)|cork  republic of ireland|ireland	
9848	lee cattermole	19880321	1.78	68	midfielder	stockton-on-tees  england	
3473	dimitar berbatov	19810130	1.89	94	forwarder	blagoevgrad  bulgaria	
5287	thomas hitzlsperger	19820405	1.83	75	midfielder	munich  west germany	
417	andreas ivanschitz	19831015	1.83	90	midfielder	eisenstadt  austria	
9779	david beckham	19750502	1.83	88	midfielder	leytonstone  london  england	
12206	alex rodrigo dias da costa	19820617	1.89	92	defender	niterÛi  brazil	
6678	giampaolo pazzini	19840902	1.8	77	forwarder	pescia  italy	
12204	oliveira anderson	19880413	1.96	86	midfielder	porto alegre  brazil	
3574	franco semioli	19800620	1.77	63	midfielder	ciri√©  italy	
555	paul dickov	19721101	1.69	80	forwarder	livingston  west lothian|livingston  scotland	
5653	massimo oddo	19760614	1.82	78	defender	citt√† sant'angelo  italy	
216	louis saha	19780808	1.83	93	forwarder	paris  france	
4224	ricardo oliveira	19800506	1.83	83	forwarder	s√£o paulo  brazil	
9145	andrea mei	19890518	1.84	64	defender	urbino  italy	
4130	seol ki-hyeon	19790108	1.85	73	midfielder	jeongseon  gangwon-do (south korea)|gangwon  south korea	
9085	noureddine naybet	19700210	1.86	61	defender	casablanca  morocco	
1507	marco cassetti	19770529	1.87	80	defender	brescia  italy	
12189	maicon	19810726	1.84	77	defender	novo hamburgo brazil	
1675	gianluca zambrotta	19770219	1.81	67	defender	como  italy	
4433	jonas kamper	19830503	1.84	94	forwarder	n√∏rre alslev  denmark	
6614	jermain defoe	19821007	1.67	83	forwarder	beckton  london  england	
12028	richard dunne	19790921	1.88	88	defender	tallaght  dublin  republic of ireland|ireland	
283	kevin phillips	19730725	1.77	76	defender	moddlesbrough england	
6662	alexandros tziolis	19850213	1.89	65	midfielder	katerini  greece	
3899	harry kewell	19780922	1.80	86	midfielder	smithfield  new south wales|smithfield  sydney  australia	
7138	jonathan reis	19890606	1.82	81	forwarder	contagem  brazil	
9291	robson ponte	19761106	1.74	94	midfielder	s√£o paulo  brazil	
3500	daniel van buyten	19780207	1.96	96	defender	chimay  belgium	
1783	lionel messi	19870624	1.69	60	forwarder	rosario  santa fe|rosario  argentina	
12377	robert kovac	19740406	1.82	70	defender	west berlin  west germany	
2789	matthew bates	19861210	1.78	71	defender	stockton-on-tees|stockton  england	
11942	jermaine jones	19811103	1.84	66	midfielder	frankfurt  west germany	
1370	bohdan shust	19860304	1.89	64	goalkeeper	sudova vyshnya  lviv oblast  soviet union	
1738	justin hoyte	19841120	1.80	91	defender	leytonstone  england{{cite book	
1221	enrico chiesa	19701229	1.76	68	forwarder	genoa  italy	
9688	glen little	19751015	1.91	95	midfielder	wimbledon  london|wimbledon  london  england	
6490	cristian chivu	19801026	2.02	81	defender	re»ôi»õa  romania	
7512	michael laudrup	19640615	1.83	97	midfielder	frederiksberg  denmark	
3705	michael carrick	19810728	1.88	67	midfielder	wallsend  tyne and wear  england	
9011	alou diarra	19810715	1.90	102	midfielder	villepinte  seine-saint-denis|villepinte  france	
9543	marlon harewood	19790825	1.85	97	forwarder	hampstead  london  england	
3794	teemu tainio	19791127	1.75	66	midfielder	tornio  finland	
7890	kevin kilbane	19770201	1.83	86	defender	preston  lancashire|preston  england	
12369	anthony stokes	19880725	1.80	94	forwarder	dublin  republic of ireland|ireland	
10728	alexandre pato	19890902	1.79	90	forwarder	pato branco  paran√° (state)|paran√°  brazil	
12226	alessandro del piero	19741109	1.68	73	forwarder	conegliano italy	
12353	ivan campo	19740221	1.85	75	defender	san sebasti·n  spain	
10548	ricardo carvalho	19780518	1.83	81	defender	amarante  portugal|amarante  portugal	
2277	zinedine zidane	19720623	1.85	60	midfielder	marseille  france	
8218	diego benaglio	19830908	1.93	78	goalkeeper	z√ºrich  switzerland	
7778	mahamadou diarra	19810518	1.82	89	midfielder	bamako  mali	
9669	adrian mutu	19790108	1.80	98	forwarder	cƒÉline»ôti  arge»ô|cƒÉline»ôti  romania	
5791	anthony gardner	19800919	1.96	68	defender	stone  staffordshire|stone  england{{cite book	
8113	henri camara	19770510	1.78	67	forwarder	dakar  senegal	
6436	eric cantona	19660524	1.88	86	midfielder	marseille  france	
6750	pablo zabaleta	19850116	1.76	86	defender	buenos aires  argentina	
12218	roque santa cruz	19810816	1.87	103	forwarder	asunciÛn paraguay	
9709	shinji ono	19790927	1.75	62	midfielder	numazu  shizuoka  japan	
2154	lee hendrie	19770518	1.78	75	midfielder	birmingham  england	
9840	radostin kishishev	19740730	1.78	60	defender	burgas  bulgaria	
12407	philippe senderos	19850214	1.88	82	defender	geneva  switzerland	
362	erik nevland	19771110	1.77	97	forwarder	stavanger  norway	
803	jimmy floyd hasselbaink	19720327	1.83	71	forwarder	paramaribo  suriname	
812	dietmar hamann	19730827	1.91	99	midfielder	waldsassen  west germany	
12193	mustapha hadji	19711116	1.80	59	midfielder	ifrane atlas-saghir  morocco	
8310	brian ching	19780524	1.85	72	forwarder	hale'iwa  hawai'i|hale'iwa  hawaii  united states	
8849	robert huth	19840818	1.91	77	defender	biesdorf (berlin)|biesdorf  east berlin  east germany	
6203	roy makaay	19750309	1.88	88	forwarder	wijchen  netherlands	
12243	jussi jaaskelainen	19750419	1.93	64	goalkeeper	mikkeli  finland	
1070	alan shearer	19700813	1.83	99	forwarder	gosforth  newcastle upon tyne  england	
7307	robbie fowler	19750409	1.75	96	forwarder	toxteth  liverpool  england	
6835	tomasz kupisz	19900102	1.80	86	midfielder	radom  poland	
12224	andrew johnson	19810210	1.68	57	forwarder	bedford england	
3004	luca toni	19770526	1.96	61	forwarder	pavullo nel frignano  italy	
9043	david ginola	19670125	1.85	84	midfielder	gassin  france	
2611	kieran lee	19880622	1.85	89	defender	stalybridge  england	
1625	mohamed shawky	19811015	1.81	67	midfielder	port said  egypt	
4846	mark hughes	19830916	1.78	57	midfielder	dungannon  northern ireland	
12375	tomas ujfalusi	19780324	1.85	99	defender	r˝ma?ov  czechoslovakia	
12268	franck ribery	19830407	1.70	86	midfielder	boulogne-sur-mer  france	
12230	david silva	19860108	1.70	81	midfielder	arguineguÌn canary islands	
1393	fabrice muamba	19880406	1.88	57	midfielder	kinshasa  zaire	
5288	dirk marcellis	19880413	1.81	74	defender	horst aan de maas|horst  netherlands	
5589	costinha	19730922	1.81	92	goalkeeper	braga  portugal	
8748	marko marin	19890313	1.70	64	midfielder	bosanska gradi≈°ka  socialist federal republic of yugoslavia|sfr yugoslavia	
295	glen johnson	19510422	1.68	60	forwarder	vancouver  british columbia  canada	
11978	willy sagnol	19770318	1.82	59	defender	saint-√âtienne  france	
10446	james milner	19860104	1.76	75	forwarder	wortley  leeds|wortley  leeds  england	
12361	lukasz fabianski	19850418	1.90	83	goalkeeper	kostrzyn nad odr?  poland	
12267	stephane henchoz	19740907	1.88	98	defender	billens-hennens|billens  switzerland	
2850	dickson etuhu	19820608	1.88	87	midfielder	kano  nigeria	
11823	graeme murty	19741113	1.78	64	defender	nunthorpe  middlesbrough  england	
9042	steve mandanda	19850328	1.85	79	goalkeeper	kinshasa  zaire	
636	david connolly	19770606	1.75	98	forwarder	willesden  london  england	
11208	carlo cudicini	19730906	1.86	88	goalkeeper	milan  italy	
12252	abdoulaye meite	19801006	1.85	68	defender	paris  france	
12416	pepe	19820831	1.73	103	goalkeeper	madrid  spain	
12237	scott sinclair	19890325	1.77	87	midfielder	bath england	
9141	alexander frei	19790715	1.79	85	forwarder	basel  switzerland	
12313	ivan klasnic	19800129	1.86	63	forwarder	hamburg  west germany	
2799	royston drenthe	19870408	1.67	72	midfielder	rotterdam  netherlands	
12217	christoph dabrowski	19780801	1.95	82	midfielder	katowice poland	
5927	sylvain distin	19771216	1.92	65	defender	bagnolet  france	
12365	juan pablo angel	19751024	1.86	81	forwarder	medellÌn  colombia	
2946	nicolas anelka	19790314	1.83	80	forwarder	le chesnay  france	
12303	martin jorgensen	19751006	1.80	95	midfielder	aarhus  denmark	
6010	stefan wessels	19790228	1.90	65	goalkeeper	rahden  west germany	
5972	matteo darmian	19891202	1.82	57	defender	legnano  italy	
991	peter niemeyer	19831122	1.88	79	midfielder	h√∂rstel  west germany	
2911	boudewijn zenden	19760815	1.74	85	midfielder	maastricht  netherlands	
10353	frank de boer	19700515	1.80	98	defender	hoorn  netherlands	
9626	bruno berner	19771121	1.83	88	defender	zurich  switzerland	
12383	bernd schneider	19731117	1.75	92	midfielder	jena  east germany	
12284	robert pires	19731029	1.87	80	midfielder	reims  france	
10311	peter crouch	19810130	2.01	103	defender	macclesfield  england	
12246	david jarolim	19790517	1.74	68	midfielder	?·slav  czechoslovakia	
12382	julio cruz	19741010	1.91	74	defender	santiago del estero  argentina	
12304	djimi traore	19800301	1.91	77	defender	saint-ouen  seine-saint-denis  france	
925	donovan ricketts	19770607	1.96	77	goalkeeper	montego bay  jamaica	
7351	david pizarro	19790911	1.70	70	midfielder	valpara√≠so  chile	
5790	vincenzo montella	19740618	1.72	94	forwarder	castello di cisterna  italy	
11764	ciro ferrara	19670211	1.80	100	defender	naples  italy	
12345	halil altintop	19821208	1.85	66	midfielder	gelsenkirchen  west germany	
8076	jaap stam	19720717	1.91	61	defender	kampen (overijssel)|kampen  netherlands	
10308	ludovic giuly	19760710	1.64	72	midfielder	lyon  france	
6506	darren potter	19841221	1.83	76	midfielder	liverpool  england	
11759	craig fagan	19821211	1.80	95	midfielder	birmingham  england	
11411	jlloyd samuel	19810329	1.80	76	defender	san fernando  trinidad and tobago|san fernando  trinidad and tobago	
10317	arjen robben	19840123	1.80	103	forwarder	bedum  netherlands	
12335	dario simic	19751112	1.80	74	defender	zagreb  sfr yugoslavia	
12244	jeremie aliadiere	19830329	1.85	83	midfielder	rambouillet  france	
1193	robbie savage	19741018	1.85	90	midfielder	wrexham  wales	
750	christian vander	19801024	1.95	102	goalkeeper	willich  west germany	
12286	bafetimbi gomis	19850806	1.84	82	forwarder	la seyne-sur-mer  france	
12262	lubos kalouda	19870520	1.76	99	midfielder	brno  czechoslovakia	
12354	zvjezdan misimovic	19820605	1.80	64	midfielder	munich  west germany	
3311	stephen warnock	19811212	1.78	92	defender	ormskirk  england	
12209	maxwell	19810827	1.96	103	defender	cachoeiro de itapemirim  brazil	
11086	claudio reyna	19730720	1.75	85	midfielder	livingston  new jersey  united states	
10524	fernando morientes	19760405	1.86	79	forwarder	c√°ceres  spain	
11933	danny webber	19811228	1.75	96	forwarder	manchester  england	
11999	roy keane	19710810	1.78	59	midfielder	cork (city)|cork  republic of ireland|ireland	
12379	michael bradley	19870731	1.65	66	midfielder	princeton  new jersey  united states	
7102	tony warner	19740511	1.93	98	goalkeeper	liverpool  england	
11984	martin taylor	19661209	1.74	60	goalkeeper	tamworth  staffordshire|tamworth  england	
6236	fernando couto	19690802	1.84	76	defender	espinho  portugal	
2118	mikael forssell	19810315	1.84	79	forwarder	steinfurt  west germany	
8367	sean davis	19790920	1.78	61	midfielder	clapham  england	
12173	theofanis gekas	19800523	1.79	77	forwarder	larissa  greece	
7107	edgar davids	19730313	1.68	59	midfielder	paramaribo  suriname	
12297	cesc fabregas	19870504	1.79	60	midfielder	arenys de mar  spain	
9642	paul hartley	19761019	1.73	65	midfielder	hamilton  south lanarkshire|hamilton  scotland	
11979	keith andrews	19800913	1.76	96	midfielder	dublin  republic of ireland|ireland	
9070	eric addo	19781112	1.82	70	defender	accra  ghana	
12236	mark schwarzer	19721006	1.96	95	goalkeeper	sydney australia	
6422	daniel agger	19841212	1.91	70	defender	hvidovre  denmark	
1324	leroy lita	19841228	1.76	84	forwarder	kinshasa  zaire	
6792	juliano belletti	19760620	1.79	89	defender	cascavel  brazil	
10275	el hadji diouf	19880820	1.81	90	midfielder	dakar  senegal	
9989	steve finnan	19760424	1.83	94	defender	limerick  republic of ireland|ireland	
10271	xabi alonso	19811125	2.03	75	midfielder	tolosa  spain	
12347	dejan stankovic	19780911	1.81	96	midfielder	belgrade  socialist federal republic of yugoslavia|sfr yugoslavia	
5865	vincent candela	19731024	1.80	67	defender	b√©darieux  france	
11198	carles puyol	19780413	1.78	61	defender	la pobla de segur  spain	
12285	andre bikey	19850108	1.82	87	defender	douala  cameroon	
2405	henrik pedersen	19750610	1.86	93	defender	kjellerup  denmark	
9963	darren bent	19840206	1.80	77	forwarder	tooting  london  england	
1188	christian poulsen	19800228	1.82	59	midfielder	asn√¶s  denmark	
5146	tim howard	19790306	1.91	74	goalkeeper	north brunswick  new jersey  united states	
10351	lorenzo de silvestri	19880523	1.86	74	defender	rome  italy	
508	lothar matth?us	19610321	1.55	97	goalkeeper	erlangen  west germany	
6553	aaron mokoena	19801125	1.85	59	midfielder	boipatong  south africa	
8595	jerome thomas	19830323	1.79	80	midfielder	wembley  england	
9409	robin nelisse	19780125	1.86	93	forwarder	rotterdam  netherlands	
12212	wellington luis de sousa	19880211	1.97	100	forwarder	brazil	
784	nolberto solano	19741212	1.75	94	midfielder	callao  peru	
1477	joris mathijsen	19800405	1.83	80	defender	goirle  netherlands	
924	craig gardner	19861125	1.78	84	midfielder	solihull  england	
9068	daniel braaten	19820525	1.84	80	midfielder	oslo  norway	
12258	stilian petrov	19790705	1.80	88	midfielder	montana  bulgaria|montana  bulgaria	
8762	stuart taylor	19801128	1.71	94	goalkeeper	romford  england	
6380	marcos senna	19760717	1.77	88	midfielder	s√£o paulo  brazil	
11752	gary speed	19690908	1.80	64	midfielder	mancot  wales	
12192	santiago ezquerro	19761214	1.81	93	forwarder	calahorra  spain	
5762	giannis goumas	19750524	1.84	99	midfielder	larissa  greece	
2306	craig bellamy	19790713	1.75	74	forwarder	cardiff  wales	
12168	sun jihai	19770930	1.83	93	forwarder	dalian  liaoning  people's republic of china|china	
12240	kim kallstrom	19820824	1.83	92	midfielder	sandviken  sweden	
8647	aaron hughes	19791108	1.83	87	defender	cookstown  county tyrone  northern ireland	
11218	gilberto silva	19761007	1.85	64	defender	lagoa da prata  brazil	
8006	pedro mendes	19790226	1.73	77	midfielder	guimar√£es  portugal	
12289	juan sebastian veron	19750309	1.86	70	midfielder	la plata argentina	
6470	jason koumas	19790925	1.78	63	midfielder	wrexham  wales	
12247	el-hadji diouf	19810115	1.81	77	forwarder	dakar  senegal	
8848	sol campbell	19740918	1.88	183	defender	plaistow  newham|plaistow  england	
12396	carlos villanueva	19860205	1.73	84	midfielder	viÒa del mar  chile	
8930	philippe christanval	19780831	1.89	94	defender	paris  france	
6245	max tonetto	19741118	1.80	97	defender	trieste  italy	
9414	emanuel villa	19820224	1.80	94	forwarder	casilda  santa fe province|santa fe  argentina	
12210	welington dantas de jesus	19820609	1.9	59	midfielder	itabuna  brazil	
7811	kevin davies	19770326	1.83	99	forwarder	sheffield  england	
2787	kieron dyer	19781229	1.73	88	midfielder	ipswich  england	
12195	kakhaber kaladze	19780227	1.86	91	goalkeeper	samtredia  georgia (country)|georgia	
7168	maurizio domizzi	19800628	1.87	85	defender	rome  italy	
8557	michael essien	19821203	1.77	97	midfielder	accra  ghana	
11496	lee barnard	19840718	1.78	79	forwarder	romford  england	
306	sylvain wiltord	19740510	1.74	103	forwarder	neuilly-sur-marne  france	
8766	mohamed zidan	19811211	1.72	95	forwarder	port said  egypt	
12220	patrice evra	19810515	1.75	65	forwarder	dakar senegal	
69	angelo di livio	19660726	1.75	91	midfielder	rome  italy	
2098	mikel arteta	19820326	1.76	74	midfielder	san sebasti√°n  spain	
7928	ian bennett	19841217	1.91	83	defender	nottingham  england	
7225	nicola legrottaglie	19761020	1.19	73	defender	gioia del colle  italy	
8450	mike hanke	19831105	1.85	99	forwarder	hamm  west germany	
9587	christian wilhelmsson	19791208	1.77	90	midfielder	malm√∂  sweden	
7497	liam miller	19810213	1.73	103	midfielder	cork (city)|cork  republic of ireland|ireland	
7887	arda turan	19870130	1.85	96	goalkeeper	fatih  ƒ∞stanbul  turkey	
12251	ivan cordoba	19760811	1.73	97	defender	rionegro  colombia	
5341	manuel pasqual	19820313	1.78	90	defender	san don√† di piave  italy	
7333	bastian schweinsteiger	19840801	1.83	79	midfielder	kolbermoor  west germany	
7742	sebastian kehl	19800213	1.88	80	midfielder	fulda  west germany	
11663	micah richards	19880624	1.80	87	defender	birmingham  england	
1414	craig lindfield	19880907	1.83	80	defender	greasby  england	
12305	giovane elber	19720723	1.82	99	forwarder	londrina  brazil	
8091	renan	19850124	1.84	85	goalkeeper	viam√£o  brazil	
8371	teddy sheringham	19660402	1.85	61	forwarder	highams park  london  england	
6603	francesco toldo	19711202	1.96	95	goalkeeper	padua  italy	
1668	antonio nocerino	19850409	1.75	90	midfielder	naples  italy	
9001	maarten stekelenburg	19820922	1.97	98	defender	haarlem  netherlands	
12270	anderson silva de franca	19820828	1.85	99	midfielder	s„o paulo  brazil	
5200	yuri zhirkov	19830820	1.80	71	midfielder	tambov  russian soviet federative socialist republic|rsfsr  soviet union	
11368	cosmin contra	19751215	1.80	82	defender	timi≈üoara  romania	
12409	ivan guerrero	19771130	1.79	95	midfielder	comayagua  honduras	
5712	danny guthrie	19870418	1.75	183	midfielder	shrewsbury  england	
1647	javier mascherano	19840608	1.74	99	midfielder	san lorenzo  santa fe|san lorenzo  argentina	
7526	ante rukavina	19860618	1.87	69	forwarder	≈†ibenik  sfr yugoslavia	
12328	milan baros	19811028	1.84	78	forwarder	valaösk?mezi???? czechoslovakia	
10787	james tomkins	19890329	0.76	72	defender	basildon  essex  england	
12271	zeljko kalac	19721216	2.02	60	goalkeeper	sydney  australia	
12172	ben sahar	19890810	1.80	94	forwarder defender	holon  israel	
11238	steven pienaar	19820317	1.70	59	midfielder	johannesburg  transvaal province  south africa	
3703	paolo cannavaro	19810626	1.84	92	defender	naples  italy	
9515	joey barton	19820902	1.80	85	midfielder	huyton  merseyside  england	
9048	vito mannone	19880302	1.89	100	goalkeeper	desio  italy	
12200	lauren	19770119	1.88	103	defender	kribi cameroon	
12299	emile mpenza	19780704	1.77	65	forwarder	zellik  belgium	
4348	steed malbranque	19800106	1.68	65	midfielder	mouscron  belgium	
2614	oliver kahn	19690615	1.88	73	goalkeeper	karlsruhe  west germany	
5270	didier deschamps	19681015	1.74	91	midfielder	bayonne  france	
8102	christoph metzelder	19801105	1.92	84	defender	haltern  west germany	
5031	wayne routledge	19850107	1.71	64	midfielder	sidcup  england	
12253	edwin van der sar	19701029	1.99	88	goalkeeper	voorhout  netherlands	
12198	serginho	19820624	1.79	183	midfielder fedender	amsterdam netherlands	
6136	jimmy bullard	19781023	1.78	73	midfielder	east ham  london  england	
5274	antti niemi	19720531	1.85	63	goalkeeper	oulu  finland	
1752	dion dublin	19690422	1.88	76	defender	leicester  england	
10435	giles barnes	19880805	1.85	78	midfielder	barking  london  england	
12277	kolo toure	19810319	1.83	92	defender	bouak? ivory coast	
12356	ebi smolarek	19810109	1.78	97	forwarder	??Ûd?  poland	
1665	olivier dacourt	19740925	1.75	73	midfielder	montreuil  seine-saint-denis|montreuil-sous-bois  france	
5268	john oster	19781208	1.75	96	midfielder	boston  lincolnshire|boston  england	
11976	simon davies	19791023	1.78	77	midfielder	haverfordwest  wales	
12314	jose antonio reyes	19830901	1.76	89	midfielder	utrera  spain	
7810	dan gosling	19900201	1.80	70	midfielder	brixham  england	
9967	alessandro gamberini	19810827	1.85	61	defender	bologna  italy	
3292	andreas ottl	19850301	1.86	62	midfielder	munich  west germany	
12234	olof mellberg	19770903	1.84	82	defender	gullspÂng sweden	
1471	marat izmailov	19820921	1.70	91	midfielder	moscow  soviet union	
10537	macauley chrisantus	19900820	1.83	94	forwarder	abuja  nigeria	
2426	marek jankulovski	19770509	1.84	66	defender	ostrava  czechoslovakia	
9277	rami shaaban	19750630	1.93	83	goalkeeper	fisks√§tra  sweden	
12047	matteo brighi	19810214	1.78	72	midfielder	rimini  italy	
12360	niko kovac	19711015	1.76	71	midfielder	west berlin  west germany	
4951	ciprian marica	19851002	1.85	87	forwarder	bucharest  romania	
12333	daniel majstorovic	19770405	1.90	67	defender	stockholm  sweden	
10347	roman kienast	19840329	1.90	92	forwarder	salzburg  austria	
12364	zlatan ibrahimovic	19811003	1.95	95	forwarder	malm? sweden	
12180	cicinho	19800624	1.72	78	defender	s√£o paulo (state)|prad√≥polis  brazil	
3369	simone inzaghi	19760405	1.85	80	forwarder	piacenza  italy	
7319	marco marchionni	19800722	1.75	66	midfielder	monterotondo  italy	
10675	jari litmanen	19710220	1.82	98	midfielder	lahti  finland	
4704	georgios samaras	19850221	1.92	59	midfielder	heraklion  greece	
12366	heidar helguson	19770822	1.78	90	forwarder	dalvÌk  iceland	
5360	claude davis	19790306	1.91	183	defender	kingston  jamaica|kingston  jamaica	
4196	sebastian larsson	19850606	1.78	65	midfielder	eskilstuna  sweden	
3919	nicky weaver	19790302	1.91	71	goalkeeper	sheffield  england	
5459	shaleum logan	19880129	1.73	72	defender	wythenshawe  england	
1340	rolando bianchi	19830215	1.88	92	forwarder	lovere  italy	
1057	emile heskey	19780111	1.88	84	forwarder	leicester  england	
4755	jan vennegoor of hesselink	19781107	1.91	66	forwarder	oldenzaal  netherlands	
3250	jason euell	19770206	1.80	75	forwarder	lambeth  london  england	
12385	dida	19731007	1.82	67	goalkeeper	irar? bahia  brazil	
12393	anders svensson	19760717	1.77	93	midfielder	gothenburg  sweden	
4185	bakari sagna	19830214	1.76	91	defender	sens france	
5476	rui costa	19720329	1.80	59	midfielder	amadora  portugal	
8559	johann vogel	19770308	1.77	94	midfielder	geneva  switzerland	
12359	pavel nedved	19720830	1.77	95	midfielder	cheb  czechoslovakia	
10842	oliver bierhoff	19680501	1.91	97	forwarder	karlsruhe  west germany	
4929	darren huckerby	19760423	1.78	99	midfielder	nottingham  england	
4092	igor tudor	19780416	1.93	64	defender	split  croatia|split  socialist federal republic of yugoslavia|sfr yugoslavia	
4227	sander westerveld	19741023	1.91	64	goalkeeper	enschede  netherlands	
8788	landon donovan	19820304	1.73	91	midfielder	ontario  california  united states	
11314	nicky shorey	19810219	1.75	78	defender	romford  england	
6665	patrick vieira	19760623	1.92	82	midfielder	dakar  senegal	
6078	andreas isaksson	19811003	1.99	100	goalkeeper	smygehamn  sweden	
1880	jermaine pennant	19830115	1.75	68	midfielder	the meadows  nottingham|the meadows  nottingham  england	
12282	ivan helguera	19750328	1.85	83	defender	santander  cantabria|santander  spain	
3634	marcelo salas	19741224	1.73	67	forwarder	temuco  chile	
6717	lee cook	19820803	1.75	84	midfielder	hammersmith  england	
4077	joan capdevila	19780203	1.82	60	defender	t√†rrega  spain	
12241	marcus allback	19730705	1.80	59	forwarder	gothenburg  sweden	
3923	jose bosingwa	19820824	1.83	90	forwarder	mbandaka, zaire	
1818	patrick owomoyela	19791105	1.87	77	defender	hamburg  west germany	
2565	iain hume	19831030	1.70	74	forwarder	edinburgh  scotland	
10411	ricardo rocha	19781003	1.82	57	defender	santo tirso municipality|santo tirso  portugal	
2058	arne friedrich	19790529	1.85	69	defender	bad oeynhausen  west germany	
2809	manuel almunia	19770519	1.93	86	goalkeeper	pamplona  spain	
6977	geoff horsfield	19731101	1.83	77	forwarder	barnsley  england	
3111	filippo inzaghi	19730809	1.94	74	forwarder	piacenza  italy	
9536	clemens fritz	19801207	1.83	63	defender	erfurt  east germany	
2505	ben foster	19830403	1.93	80	goalkeeper	leamington spa  warwickshire  england	
12324	niko kranjcar	19840813	1.85	80	midfielder	zagreb  socialist federal republic of yugoslavia|sfr yugoslavia	
8172	mariusz lewandowski	19790518	1.84	94	midfielder	legnica  poland	
12418	branislav ivanovic	19880305	1.88	96	midfielder	reykjavÌk  iceland	
