patrick owomoyela	19791105	1.87				1818	patrick owomoyela	
k. gilbert	19870228	1.75				8427	kerrea gilbert	
jose bosingwa	19830101	1.75	90			3923	jose bosingwa	
aaron ramsey	19901226	2.02		midfielder		5432	aaron ramsey	
f. bolzoni	19890507	1.80				11907	francesco bolzoni	
d. villa	19811203	1.75		forwarder		11080	david villa	
kaviedes	19771024	1.83				7775	ivan kaviedes	
fabien	19710628	1.84	78			3022	fabien barthez	
micah richards	19880624	1.83		defender		11663	micah richards	
essien	19821203	1.77	97	midfielder		8557	michael essien	
r. green	19800118	1.91	72			6496	robert green	
paul	19800311	1.90	80			7848	paul scharner	
costa	19411231	1.73				5476	rui costa	
michael gray	19740803	1.96				12215	michael gray	
sulley ali muntari	19840827	1.79				12308	sulley ali muntari	
g. mcallister	19641225	1.85				9606	gary mcallister	
mario gomez	19850710	1.89	87			12216	mario gomez	
hernan	19750705	1.92				12309	hernan crespo	
ivan	19770201	1.84				12310	ivan rakitic	
damien duff	19651130	1.77				6069	damien duff	
lizarazu	19691209	1.69	99			6199	bixente lizarazu	
eric abidal	19790911	1.7	73			12311	eric abidal	
tyrone mears	19830218	1.85	90			3338	tyrone mears	
yepes	19760113	1.83	71	defender		3027	mario yepes	
s. kalou	19850805	1.86		forwarder		4860	salomon kalou	
e. addo	19781112	1.82	70			9070	eric addo	
rigobert	19760701	1.83	69			8028	rigobert song	
quim		1.69	81	goalkeeper		12205	quim	
ashley cole	19801220	1.76	65	goalkeeper		8836	ashley cole	
g. clichy	19800121			defender		12312	gael clichy	
daniel gygax	19730218	1.79	73			12030	daniel gygax	
hayden mullins	19790327	1.72				2322	hayden mullins	
dimitar berbatov		1.91	94			3473	dimitar berbatov	
m. diarra	19810518	1.8				7778	mahamadou diarra	
fernando cavenaghi	19601109		72			798	fernando cavenaghi	
g. naysmith	19781116	1.78				633	gary naysmith	
miguel veloso	19860511	1.80	75	midfielder		1857	miguel veloso	
javier saviola	19811211		83	forwarder		12152	javier saviola	
nicky butt	19750121	1.78				11203	nicky butt	
ruddy	19780311	1.8	71			2721	john ruddy	
ivan	19800129	1.87				12313	ivan klasnic	
morgan de sanctis	19770326	1.90	92			1239	morgan de sanctis	
jagielka	19820817	1.8	81			9574	phil jagielka	
diego	19590502	1.83				4616	diego milito	
jose antonio reyes	19830901	1.55	79			12314	jose antonio reyes	
gretar rafn steinsson	19820109	1.78	57			12315	gretar rafn steinsson	
liam cooper	19910830	1.80				928	liam cooper	
r. keane	19850328	1.67	59			1009	robbie keane	
s. pienaar	19820317	1.85				11238	steven pienaar	
c. dabrowski	19780801	1.95	81			12217	christoph dabrowski	
michael		1.88		midfielder		3705	michael carrick	
alexander stolz	19831013	1.89				12003	alexander stolz	
kevin phillips	19821208	1.84	82			283	kevin phillips	
tom heaton	19860415	1.88				7150	tom heaton	
jihai	19870228	1.83				12168	sun jihai	
roque	19810816	1.87		forwarder		12218	roque santa cruz	
roberto di matteo	19700529	1.78				1953	roberto di matteo	
r. hulse	19791025	1.77				5806	rob hulse	
o. hargreaves	19810120	1.80				1317	owen hargreaves	
james mcfadden	19830414	1.78	88			5601	james mcfadden	
alessandro costacurta	19660424	1.89				9188	alessandro costacurta	
franz beckenbauer	19450911	1.85	88			11239	franz beckenbauer	
tobias	19790421	1.93				5368	tobias linderoth	
a. charisteas	19800209	1.7	78			12169	angelos charisteas	
wilson palacios	19840729	1.78				3075	wilson palacios	
olivier	19760420	1.98				5460	olivier kapo	
omar bravo	19800304		86			11938	omar bravo	
k. kallstrom	19820824	1.8		midfielder		12240	kim kallstrom	
pablo zabaleta	19850116	1.82		defender		6750	pablo zabaleta	
martin skrtel	19841215	1.91				12242	martin skrtel	
jean-alain boumsong	19791214	1.91				1808	jean-alain boumsong	
jussi jaaskelainen	19750419	1.91				12243	jussi jaaskelainen	
s. diao	19770210	2.02				8041	salif diao	
samuel	19810310	1.19	73			8580	samuel eto'o	
lehmann	19691110	1.90				6934	jens lehmann	
erik nevland	19771110	1.91				362	erik nevland	
mike hanke	19831105	1.85	99			8450	mike hanke	
fabian ernst	19790530	1.86				507	fabian ernst	
roy		1.87	88			6203	roy makaay	
n. sullivan	19700224	1.83	78			1404	neil sullivan	
nicklas bendtner	19880116		76	forwarder		2736	nicklas bendtner	
s. chapuisat	19690628	2.01				12317	stephane chapuisat	
patrick kluivert	19760701	1.88				4301	patrick kluivert	
rivaldo	19720419	1.86	65			12170	rivaldo	
h. helguson	19770822	1.78				12366	heidar helguson	
tony warner	19781220	1.73	80			7102	tony warner	
cassetti	19770529	1.69				1507	marco cassetti	
j. elmander	19810527	1.88	66	forwarder		3485	johan elmander	
v. fiori	19690427		73			6251	valerio fiori	
albert streit	19800328	1.80	57			9597	albert streit	
amanatidis	19811203		75			3624	ioannis amanatidis	
j. aliadiere	19830329	1.73				12244	jeremie aliadiere	
philip cocu		1.81	92			12245	philip cocu	
lell	19740510	1.88	75			7847	christian lell	
carlos marchena	19790731		74			3408	carlos marchena	
david	19790517	1.93	68			12246	david jarolim	
roy keane	19710810		79			11999	roy keane	
nash	19730913	1.65				5022	carlo nash	
r. drenthe	19800330	1.67				2799	royston drenthe	
danny mills	19770518	1.78				12219	danny mills	
s. ireland	19860822	1.78	80			9723	stephen ireland	
pepe	19820831	1.73		goalkeeper		12416	pepe	
simon	19820121	1.91	79			6466	simon rolfes	
renan	19790731	1.91				8091	renan	
p. chimbonda	19790221	1.80				1984	pascal chimbonda	
hyypia	19731007	1.7				12248	sami hyypia	
jose	19870913		62			12249	jose luis chilavert	
mertesacker	19840929	1.98	75	defender		6335	per mertesacker	
dennis bergkamp	19690510	1.7				1136	dennis bergkamp	
mineiro		1.82	72			12171	mineiro	
craig fagan	19821211	1.80	95			11759	craig fagan	
gudjohnsen	19780915	1.85				12250	eidur gudjohnsen	
david murphy	19840301	1.87	183			12367	david murphy	
mcshane	19860106	1.96	73			12368	paul mcshane	
wellington	19850817	1.76				12211	wellington santos da silva	
titus bramble	19810731	1.82				9936	titus bramble	
rafael	19830211	1.75				1081	rafael van der vaart	
jack rodwell	19910311	1.88		midfielder		8874	jack rodwell	
j. ashdown	19801130		90			4798	jamie ashdown	
ibrahim ba	19731112	1.81				6113	ibrahim ba	
jonathan	19890606	1.82				7138	jonathan reis	
c. cole	19590502	1.89				4439	carlton cole	
lloyd owusu	19761212	1.95	100			1305	lloyd owusu	
osman	19810517	1.73				2771	leon osman	
m. ballack	19760926	1.88				1001	michael ballack	
georgios samaras	19850221	1.75		midfielder		4704	georgios samaras	
simone	19760405	1.83	74			3369	simone inzaghi	
robbie	19741018	1.85	82			1193	robbie savage	
christoph spycher	19770930		82			2712	christoph spycher	
cordoba	19760811	1.75				12251	ivan cordoba	
robson ponte	19761106		80			9291	robson ponte	
s. giannakopoulos	19740712	1.75	68			3078	stelios giannakopoulos	
jermaine jones	19811103	1.84		midfielder		11942	jermaine jones	
vincent candela	19731024	1.7	72			5865	vincent candela	
barry ferguson	19780202	1.78				604	barry ferguson	
p. evra	19810515	1.75		forwarder		12220	patrice evra	
heiko westermann	19830814	1.90				276	heiko westermann	
andreas	19831015	1.75				417	andreas ivanschitz	
speed	19890401	1.80	72			11752	gary speed	
stephen warnock	19781112	1.78				3311	stephen warnock	
scott	19801013	1.75	77			3150	scott parker	
lee martin	19680909	1.76				7126	lee martin	
v. anichebe	19880423	1.67				10361	victor anichebe	
anthony	19651130	1.8				12369	anthony stokes	
tomasz kupisz	19900102	1.75				6835	tomasz kupisz	
jonathan zebina	19780719	1.96				12221	jonathan zebina	
antonio chimenti	19700630	2.02	80			9679	antonio chimenti	
ameobi	19811012	1.91	78			5579	shola ameobi	
nigel de jong	19841130		95			4589	nigel de jong	
acimovic		1.84	71			12370	milenko acimovic	
chris klein	19760104	1.85	78			12371	chris klein	
thomas hitzlsperger	19820302		75			5287	thomas hitzlsperger	
wes brown	19791013	1.94				8073	wes brown	
m. maccarone	19790906	1.80	81			9055	massimo maccarone	
mario melchiot	19761104		86			11665	mario melchiot	
tomas rosicky	19801004	1.78	77	midfielder		12372	tomas rosicky	
john o'shea	19810430	1.7				3316	john o'shea	
antoine sibierski	19740805	1.88				5574	antoine sibierski	
marco di vaio	19760715	1.75				8009	marco di vaio	
michael ball	19791002	1.93	78			11550	michael ball	
scott carson	19810128	1.91				2311	scott carson	
f. miccoli	19790627	1.68	70			6328	fabrizio miccoli	
adam	19870714	1.78	81			12373	adam johnson	
ashton	19831124		80			8641	dean ashton	
henry	19770817	1.8				7349	thierry henry	
mohamed zidan	19811211	1.83	74			8766	mohamed zidan	
nacer barazite	19900527	1.83				12374	nacer barazite	
e. edman	19781111	1.82				5055	erik edman	
g. rossi	19860823	1.73	73			5319	giuseppe rossi	
rooney	19560101	1.76		forwarder		4690	wayne rooney	
esteban cambiasso	19800818	1.78				9766	esteban cambiasso	
jason koumas	19790925		63			6470	jason koumas	
frank	19700515		81			10353	frank de boer	
francesco totti	19760927	1.87	72			3434	francesco totti	
steve sidwell	19821214	1.83				770	steve sidwell	
theofanis gekas	19800523	1.79	98			12173	theofanis gekas	
antonio	19790108	1.75		midfielder		1668	antonio nocerino	
tomas ujfalusi	19780324	1.85	99			12375	tomas ujfalusi	
darmian	19891202	1.73				5972	matteo darmian	
abdoulaye	19770902	1.86				12252	abdoulaye meite	
paulo	19880321	1.83	71	defender		12222	paulo ferreira	
andrea dossena	19601107	1.52				771	andrea dossena	
balotelli	19700619	1.91		forwarder		3873	mario balotelli	
costinha		1.81	77			5589	costinha	
pierre	19691129	1.93				3567	pierre van hooijdonk	
rory	19760706	1.83	82			7567	rory delap	
shaun wright-phillips	19811025	1.66				11045	shaun wright-phillips	
e. sar	19840813	1.85				12253	edwin van der sar	
luigi di biagio	19710603		57			8301	luigi di biagio	
nen?		1.81	96			12414	nen?	
vitor baia	19830918	1.75	86			12254	vitor baia	
martin petrov	19790115	1.80	68			12174	martin petrov	
henri	19770510	1.78				8113	henri camara	
kris commons		1.84	64	midfielder		10036	kris commons	
mehmet scholl	19701016	1.77	77			7579	mehmet scholl	
yuri zhirkov	19830820	1.93				5200	yuri zhirkov	
neville	19770121	1.55	98			5951	phil neville	
jaidi	19750830	1.92				12255	radhi jaidi	
robert kovac	19841215	1.91				12377	robert kovac	
chris kirkland	19900202	1.72	84			2519	chris kirkland	
roman kienast	19840329		76			10347	roman kienast	
christian eichner	19750205	1.75				6406	christian eichner	
pamarot	19790414	1.80	79			12256	noe pamarot	
marcio amoroso	19740705		78			12257	marcio amoroso	
sylvain wiltord	19740510	1.71	103			306	sylvain wiltord	
stilian petrov	19790705	1.75				12258	stilian petrov	
downing	19840722	1.83	75			11366	stewart downing	
steve mandanda	19850328	1.85				9042	steve mandanda	
michael	19870731	1.83				12379	michael bradley	
moore	19860213	1.88	71			4070	luke moore	
jonny	19880103	1.89		defender		12223	jonny evans	
daryl	19830315	1.8	74			3026	daryl murphy	
couto	19690802	1.83	77			6236	fernando couto	
david	19880302	1.88	70			7492	david cotterill	
a. alves	19810130	1.78	85			8530	afonso alves	
steven	19810310	1.85	83			1497	steven reid	
roberto carlos	19730410	1.81				12380	roberto carlos	
l. bowyer	19770103	1.76				8819	lee bowyer	
mancini	19800801	1.92				12214	mancini	
daniel braaten	19820525	1.88				9068	daniel braaten	
luka		1.77		midfielder		12318	luka modric	
lewis price	19840719	1.85	77			3806	lewis price	
a. isaksson	19811003	1.92				6078	andreas isaksson	
jerzy dudek	19730323	1.88	80			1684	jerzy dudek	
andrews	19800913	1.76	70			11979	keith andrews	
patrick	19870320	1.79				12381	patrick boyle	
jonathan greening		1.80	73			1673	jonathan greening	
zdenek grygera	19800514	1.74				12319	zdenek grygera	
valeri bojinov	19860215		85			8938	valeri bojinov	
julio arca	19800131		71			6374	julio arca	
david jones	19640703	1.8				11733	david jones	
sean davis	19790920	1.78	74			8367	sean davis	
xabi alonso	19811125	1.73		midfielder		10271	xabi alonso	
cannavaro	19810626	1.84				3703	paolo cannavaro	
shabani nonda	19801130	1.82	68			10647	shabani nonda	
theo walcott	19670118	1.8		forwarder		11608	theo walcott	
alessandro gamberini	19810827	1.85				9967	alessandro gamberini	
r. taylor	19840819	1.96	67			2636	ryan taylor	
cristiano zanetti	19770414	1.86	92			11377	cristiano zanetti	
boudewijn	19760815		85			2911	boudewijn zenden	
veigneau	19850716	1.74				4833	olivier veigneau	
julio cruz	19741010	1.91	80			12382	julio cruz	
robin van persie	19830806	1.76	76	forwarder		12320	robin van persie	
andrew johnson	19810210	1.83				12224	andrew johnson	
paul scholes	19741116	1.71		midfielder		7779	paul scholes	
michael	19840514	1.88	82			9997	michael rensing	
foster	19760815	1.86				2505	ben foster	
tim wiese	19811217	1.85	71			8106	tim wiese	
neil clement	19781003		94			6131	neil clement	
rafael marquez	19790213	1.8				12259	rafael marquez	
k. campbell	19700204	1.75	75			5874	kevin campbell	
joan capdevila	19780203	1.96	60			4077	joan capdevila	
bernd	19731117	1.83				12383	bernd schneider	
fernando torres	19840320	1.75		forwarder		3326	fernando torres	
f. morientes	19760405	1.86				10524	fernando morientes	
ludovic	19770809	1.7				1016	ludovic magnin	
p. hartley	19761019		71			9642	paul hartley	
igor akinfeev	19860408	1.86	85			4544	igor akinfeev	
barton	19760422	1.78	85			9515	joey barton	
emile heskey	19780111	1.88	84			1057	emile heskey	
jens jeremies	19740305		61			11680	jens jeremies	
bastian schweinsteiger	19840801	1.78		midfielder		7333	bastian schweinsteiger	
javier	19840608	1.74		midfielder		1647	javier mascherano	
christian	19770708	1.81	77	goalkeeper		11286	christian abbiati	
alexandre pato	19890902	1.79				10728	alexandre pato	
caleb folan	19821026	1.68				5290	caleb folan	
jesper gronkjaer	19820520	1.87				12260	jesper gronkjaer	
adebayor	19840226	1.94	75			9184	emmanuel adebayor	
m. almunia		1.93	75			2809	manuel almunia	
f. quagliarella	19830131	1.80	68	forwarder		8137	fabio quagliarella	
celestine babayaro	19780829	1.93	96			4615	celestine babayaro	
j. hart	19870419	1.96	72	goalkeeper		6881	joe hart	
stuart parnaby	19800924	1.80	74			1289	stuart parnaby	
tim krul	19880403	1.93				10757	tim krul	
maxwell	19810827	1.78	74	defender		12209	maxwell	
craig	19861125	1.78				924	craig gardner	
jari litmanen	19710220	1.93	77			10675	jari litmanen	
c. dailly	19731023	1.72				635	christian dailly	
dida	19731007	1.82				12385	dida	
arda turan	19870130	1.85				7887	arda turan	
liam	19840721	1.91				3159	liam ridgewell	
jaroslaw fojut	19691209	1.91				12321	jaroslaw fojut	
michael johnson	19730704	1.91	73			10601	michael johnson	
jonathan	19800122	1.83				791	jonathan woodgate	
zat knight	19800502	1.85				10291	zat knight	
mario basler	19681218		98			11576	mario basler	
dan	19770529	1.87				7810	dan gosling	
belletti	19800913	1.8	89			6792	juliano belletti	
pascal cygan	19830218		72			998	pascal cygan	
a. todd	19820816	1.91	76			10637	andy todd	
robin nelisse	19780125	1.86	72			9409	robin nelisse	
jovetic	19891102	1.84				12322	stevan jovetic	
josip simunic	19780218	1.8	74	defender		12323	josip simunic	
t. smith	19590730	1.8	79			1360	tommy smith	
naybet	19700210		80			9085	noureddine naybet	
carsley	19740228	1.80				5571	lee carsley	
alan stubbs	19711006	1.79				4684	alan stubbs	
gabriel heinze	19780419	1.83				9410	gabriel heinze	
karim haggui	19840120	1.89				2388	karim haggui	
hakan yakin	19560101	1.84	64			10489	hakan yakin	
raul	19770627	1.73	57			12213	raul	
david	19791013	1.83		midfielder		9779	david beckham	
ricardo osorio	19800330	1.74	84			2232	ricardo osorio	
mendes	19790226	1.73	70			8006	pedro mendes	
mathieu flamini	19840307	1.78		midfielder		10551	mathieu flamini	
fred bennett	19831231	1.65	68			12225	fred bennett	
c. n'zogbia	19860528	1.71	79			2948	charles n'zogbia	
morten gamst pedersen	19700801	1.83				2145	morten gamst pedersen	
ryan shawcross	19840514	1.91				4322	ryan shawcross	
steed malbranque	19800106	1.78				4348	steed malbranque	
anelka	19790314	1.83	100	forwarder		2946	nicolas anelka	
alou	19810715		79			9011	alou diarra	
luis	19780624		67			12386	luis garcia	
o. kahn	19690615	1.88				2614	oliver kahn	
w. routledge	19550925	1.71				5031	wayne routledge	
delvecchio	19730407	1.85	84			2909	marco delvecchio	
s. davies	19791023	1.88	87			11976	simon davies	
p. kroldrup	19790731	1.76				12263	per kroldrup	
diatta	19750702	1.84	64			10189	lamine diatta	
rossi	19830724	1.75	79			3262	daniele de rossi	
lee barnard	19840718	1.78	72			11496	lee barnard	
massimo donati	19810326	1.86				7575	massimo donati	
motta	19820828	1.86		midfielder		9005	thiago motta	
stipe pletikosa	19790108	1.93				11018	stipe pletikosa	
j. oster	19781208		77			5268	john oster	
l. ariaudo	19890611	1.89				1492	lorenzo ariaudo	
kljestan	19850909	1.85		midfielder		6475	sacha kljestan	
wilhelmsson	19791208	1.88	81			9587	christian wilhelmsson	
marek hamsik	19870727	1.83				12264	marek hamsik	
alan	19841130	1.85				9978	alan hutton	
nwankwo kanu	19760801	1.97	80			4145	nwankwo kanu	
k. kaladze	19780227	1.86				12195	kakhaber kaladze	
pardo	19780911	1.75				12265	pavel pardo	
g. chiellini	19840814	1.76		defender		9887	giorgio chiellini	
toni kroos		1.82		midfielder		11058	toni kroos	
marat izmailov	19820921		91	midfielder		1471	marat izmailov	
steve simonsen	19790403	1.84	81			3958	steve simonsen	
tim borowski	19800502	1.91				262	tim borowski	
nabil el zhar	19860827	1.75				2070	nabil el zhar	
d. guthrie	19870418	1.83				5712	danny guthrie	
frey	19800318	1.9	81			12266	sebastien frey	
john welsh	19840110	1.85	86			12388	john welsh	
mark noble	19870508	1.77				12154	mark noble	
m. fernandes	19860205	1.86	100			11120	manuel fernandes	
alex rodrigo dias da costa	19820617	1.89		defender		12206	alex rodrigo dias da costa	
c. cudicini	19730906	1.88	88			11208	carlo cudicini	
a. piero	19741109	1.93				12226	alessandro del piero	
simone perrotta	19770917	1.73	72			10207	simone perrotta	
aaron lennon	19870416	1.76				10986	aaron lennon	
joleon	19820816	1.88	75	defender		12227	joleon lescott	
stephane henchoz	19740907	1.88	72			12267	stephane henchoz	
d. ricketts	19770607	1.72				925	donovan ricketts	
niko	19840813	1.84		midfielder		12324	niko kranjcar	
franck ribery	19830407	1.70		midfielder		12268	franck ribery	
j. hasselbaink	19720327	1.79	76			803	jimmy floyd hasselbaink	
marko pantelic	19780915	1.83		forwarder		12325	marko pantelic	
abbondanzieri	19720819	1.77				2293	roberto abbondanzieri	
derdiyok	19880612	1.8	70			9212	eren derdiyok	
lucas neill	19880907	1.85	68			2843	lucas neill	
nani	19861117	1.75	78	midfielder		12203	nani	
javier zanetti	19730810		77			2753	javier zanetti	
walker	19811025	1.94	79			9809	ian walker	
william	19770817	1.83				10918	william gallas	
kevin nolan	19820624	1.83	72			8138	kevin nolan	
darren huckerby	19760423	1.73	76			4929	darren huckerby	
g. halford	19841208	1.85	64			11450	greg halford	
iker casillas	19810520			goalkeeper		6650	iker casillas	
b. ivanovic	19880305	1.88		midfielder		12418	branislav ivanovic	
karim benzema	19871219	1.84		forwarder		4787	karim benzema	
k. miller	19791223	1.78	90			2943	kenny miller	
obafemi martins	19841028	1.72				732	obafemi martins	
mohamed shawky	19811015	1.85				1625	mohamed shawky	
defoe	19821007	1.67				6614	jermain defoe	
gabriel	19861013	1.85				12177	gabriel agbonlahor	
darren	19841221		76			6506	darren potter	
matthew upson	19790418	1.85				34	matthew upson	
emerson	19790903	1.91				12208	emerson	
lassana diarra	19850310	1.78	87			1725	lassana diarra	
maurizio domizzi	19800628	1.85				7168	maurizio domizzi	
matteo brighi	19820902	1.84	72			12047	matteo brighi	
artur boruc	19780809	1.93	89			2107	artur boruc	
ginola		1.85	75			9043	david ginola	
j. tomasson	19760829	1.82				12228	jon dahl tomasson	
ricardo gardner	19560101	1.78	74			3999	ricardo gardner	
arnautovic	19890419	1.78				12326	marko arnautovic	
m. dawson	19601109	1.81	100			12390	michael dawson	
samir nasri	19870626	1.75		midfielder		1701	samir nasri	
ottl	19831112	1.91	80			3292	andreas ottl	
geoff	19731101		77			6977	geoff horsfield	
kasey keller	19691127	1.9	80			6900	kasey keller	
brad friedel	19710518	1.87	80			8594	brad friedel	
david rozehnal		1.91	94	defender		2183	david rozehnal	
luke	19790719	1.82	79			12391	luke young	
reina	19590502	1.88				12269	jose reina	
sidney govou	19721216	1.99				3743	sidney govou	
olivier	19810310	1.79	73			1665	olivier dacourt	
petri	19800924	1.87	76			1720	petri pasanen	
reinaldo	19830117		89			12165	reinaldo	
a. young	19771128	1.93		midfielder		12229	ashley young	
glen johnson	19510422		74			295	glen johnson	
viana	19830115	1.78		midfielder		255	hugo viana	
milan baros	19811028	1.84	89			12328	milan baros	
michael owen	19791214	1.83				1422	michael owen	
david connolly	19811202	1.88	98			636	david connolly	
ugo ehiogu	19721103	1.82	83			253	ugo ehiogu	
sander	19741023	1.74				4227	sander westerveld	
d. webber		1.91	96			11933	danny webber	
yossi benayoun	19800505	1.83				11502	yossi benayoun	
pandev	19830727	2.01	77			7692	goran pandev	
anders	19820921	1.88				12393	anders svensson	
cassano	19820712	1.75				6680	antonio cassano	
john terry	19801207	1.87		goalkeeper		6739	john terry	
ricardo quaresma	19830926	1.73				11126	ricardo quaresma	
piotr trochowski	19840322	1.69	74			9356	piotr trochowski	
francesco toldo	19711202	1.74				6603	francesco toldo	
vladimir smicer	19730524	1.72				12329	vladimir smicer	
david martin	19860122	2.01				5373	david martin	
anderson silva de franca		1.85	99			12270	anderson silva de franca	
mark hughes	19830916	1.89	71			4846	mark hughes	
zeljko	19721216	1.79	60			12271	zeljko kalac	
sebastian larsson	19860123	1.19				4196	sebastian larsson	
n. hunt	19830903	1.85	94			1072	nicky hunt	
maniche	19771111	1.79	78			12179	maniche	
t. hildebrand	19790405	1.85		goalkeeper		2710	timo hildebrand	
alessandro	19760319	1.87	79			7139	alessandro nesta	
hamit altintop	19781208			midfielder		12331	hamit altintop	
rami shaaban	19890316	1.76				9277	rami shaaban	
frederic kanoute	19450911	1.93				12330	frederic kanoute	
gillespie	19750218	1.52	77			2389	keith gillespie	
dickson etuhu	19761004	1.93				2850	dickson etuhu	
eagles	19831105	1.83	87			11504	chris eagles	
w. sneijder	19840609	1.70		midfielder		1623	wesley sneijder	
johann vogel	19770308	1.86	94			8559	johann vogel	
dietmar hamann	19800805	1.73				812	dietmar hamann	
paul dickov	19671125	1.78	80			555	paul dickov	
abardonado	19780527	1.84				4966	jacques abardonado	
klose	19780609	1.82				7530	miroslav klose	
eddie lewis	19740517	1.79				12394	eddie lewis	
d. srna	19820122		74	goalkeeper		518	darijo srna	
emre belozoglu	19690802	1.70				12332	emre belozoglu	
d. majstorovic	19770405	1.90				12333	daniel majstorovic	
younes kaboul	19860104	1.90	74			12272	younes kaboul	
cicinho	19800624	1.88	79			12180	cicinho	
christian pander	19870118	1.89				5499	christian pander	
bruno n'gotty	19710610	1.88				7303	bruno n'gotty	
flavio roma	19740621	1.77				9425	flavio roma	
borriello	19611020	1.55	73			3352	marco borriello	
brian	19790108	1.67	72			8310	brian ching	
joaquin		1.89	86			12181	joaquin	
meyde	19790930	1.71	78			12273	andy van der meyde	
markus	19820927	1.85				5914	markus rosenberg	
ciprian marica		1.85		forwarder		4951	ciprian marica	
r. fowler	19750409	1.75				7307	robbie fowler	
michael reiziger	19730503	1.78	82			5335	michael reiziger	
kevin davies	19770326	1.83				7811	kevin davies	
fritz	19790529	1.93				9536	clemens fritz	
mladen	19810101	1.75	66			12334	mladen petric	
nuno valente	19740912	1.88				8402	nuno valente	
claude davis	19790306	1.95	183			5360	claude davis	
ivan zamorano	19670118		83			12274	ivan zamorano	
robinho	19840125	1.8		forwarder		12182	robinho	
d. simic		1.74	75			12335	dario simic	
xavi	19730228		67	goalkeeper		2378	xavi	
oliver		1.8	97			10842	oliver bierhoff	
scott spencer	19671021	1.97				12395	scott spencer	
jankovic	19840301	1.78	79			12336	bosko jankovic	
i. harte	19770831	1.77				3630	ian harte	
spector	19860301		79			10978	jonathan spector	
gustavo poyet	19671115		74			12275	gustavo poyet	
carles puyol	19780413	1.78		defender		11198	carles puyol	
carlos villanueva	19860205	1.73				12396	carlos villanueva	
fabrice	19880406	1.73				1393	fabrice muamba	
tomasz	19820320	1.91	65			2536	tomasz kuszczak	
anderson	19880413	1.7				12204	oliveira anderson	
richard dunne	19790921	1.83	88			12028	richard dunne	
nuri sahin	19880905	1.83	74	midfielder		12337	nuri sahin	
duberry	19751014	1.85				4630	michael duberry	
paul	19810515	1.78	79			11064	paul konchesky	
john carew	19810726	1.97	98			11694	john carew	
weir	19700510	1.82	81			12397	david weir	
shaun maloney	19830124	1.70	77			10338	shaun maloney	
a. rukavina	19860618			forwarder		7526	ante rukavina	
gianfranco zola	19660705	1.68	78			7956	gianfranco zola	
steve harper	19690203	1.77	71			5915	steve harper	
georg	19860226	1.87				95	georg niedermeier	
freddy	19670101	1.70				1575	freddy adu	
ruben		1.7	75			12339	ruben olivera	
johan djourou	19870118	1.92	74			8945	johan djourou	
gary	19750218	1.78	73			6904	gary neville	
n. gomes	19760705	1.81	59			5517	nuno gomes	
zigic	19810430	1.91				12340	nikola zigic	
dwight	19711103	1.87	77			5392	dwight yorke	
kolo toure	19810319	1.83	71			12277	kolo toure	
salas	19741224	1.73	67			3634	marcelo salas	
silva	19860108	1.91		midfielder		12230	david silva	
anthony gardner	19800919	1.96				5791	anthony gardner	
jansen		1.91	81			8022	marcell jansen	
fernando gago	19860410		70	midfielder		8240	fernando gago	
juninho	19750130	1.99				12183	juninho	
hibbert	19810220	1.75	79			10195	tony hibbert	
steve	19760424	1.78				9989	steve finnan	
giles	19880805	1.85	78			10435	giles barnes	
valon behrami	19850419	1.85	73			6434	valon behrami	
angelo peruzzi		1.72	79			4622	angelo peruzzi	
philipp degen	19830215	1.84				46	philipp degen	
kitson	19800121	1.73				5604	dave kitson	
antonio valencia	19850804	1.84	99	midfielder		4535	antonio valencia	
alan shearer	19700813	1.7				1070	alan shearer	
ze roberto	19740706	1.88	71			12278	ze roberto	
d. agger	19841212	1.86				6422	daniel agger	
fredi bobic	19711030	1.75				10467	fredi bobic	
giampaolo pazzini	19840902	1.85	76	forwarder		6678	giampaolo pazzini	
iaquinta		1.91	74			8982	vincenzo iaquinta	
arne friedrich	19790529	1.88				2058	arne friedrich	
ivica olic	19730819	1.82	75			12341	ivica olic	
franck queudrue	19780827	1.75				6946	franck queudrue	
danny simpson	19870104	1.93				11152	danny simpson	
didier	19730906	1.89	77	forwarder		2725	didier drogba	
w. samuel	19780323	1.84	70			12231	walter samuel	
ronaldinho	19790421	1.82				12185	ronaldinho	
alberto paloschi	19900104	1.82				5087	alberto paloschi	
r. rocha	19810715	1.82				10411	ricardo rocha	
bennett	19841217	1.91				7928	ian bennett	
a. traore	19891008	1.85				12279	armand traore	
nistelrooy	19760701	1.77	70			12232	ruud van nistelrooy	
jacobsen	19790920	1.81	76			8670	lars jacobsen	
darron gibson	19871025	1.79				3711	darron gibson	
fabio rochemback	19721006	1.75				12280	fabio rochemback	
gordon	19821231	1.73				7974	craig gordon	
cafu	19700607	1.78	91			12186	cafu	
henrik pedersen	19750610	1.81	93			2405	henrik pedersen	
marcel desailly	19680907	1.88				4047	marcel desailly	
rafinha	19850907		75	defender		12187	rafinha	
nolberto solano		1.75	94			784	nolberto solano	
a. pirlo	19790519	1.77		midfielder		1025	andrea pirlo	
ebbe sand	19720719	1.83	74			11510	ebbe sand	
a. taarabt	19890524	1.66				6912	adel taarabt	
maicon	19810726		75	defender		12189	maicon	
afellay	19830115	1.85		midfielder		10852	ibrahim afellay	
sami khedira	19870404	1.87		midfielder		542	sami khedira	
nelsen	19771018	1.73	82			6155	ryan nelsen	
tainio	19860213	1.75				3794	teemu tainio	
ched evans	19881228	1.75				8876	ched evans	
massimo	19770529	1.91		midfielder		8979	massimo ambrosini	
louis		1.85	73			216	louis saha	
l. hendrie	19770518	1.97	72			2154	lee hendrie	
solari	19840719	1.9				9548	santiago solari	
bent	19780519	1.88	57			12190	marcus bent	
kevin hofland	19790607	1.82	71			9806	kevin hofland	
luis figo	19721104	1.80	77			12281	luis figo	
g. zambrotta		1.81	67			1675	gianluca zambrotta	
a. ferdinand	19850218	1.83				10324	anton ferdinand	
mikael forssell	19810315	1.84				2118	mikael forssell	
sibusiso zuma	19811212	1.73				10120	sibusiso zuma	
gianluigi buffon	19780128	1.8		goalkeeper		3254	gianluigi buffon	
n. montgomery	19811028		91			12191	nick montgomery	
luca	19770526	1.82	73			3004	luca toni	
philipp lahm	19831111	1.85	79	defender		9555	philipp lahm	
l. king	19801012	1.88	88			4254	ledley king	
mido	19830223	1.96				12399	mido	
jonas kamper	19830503		80			4433	jonas kamper	
mannone	19880302			goalkeeper		9048	vito mannone	
ryan giggs	19790925		80	midfielder		6990	ryan giggs	
a. reid	19810317	1.69	84			12233	andy reid	
t. huddlestone	19861228	1.91	73			6598	tom huddlestone	
m. materazzi	19811103	1.93	92			8093	marco materazzi	
seol	19790108	1.67	74			4130	seol ki-hyeon	
mirko vucinic		1.95	78	forwarder		12343	mirko vucinic	
marco amelia		1.85	76	goalkeeper		2925	marco amelia	
mikel arteta	19820326			midfielder		2098	mikel arteta	
roy	19770930	1.84		goalkeeper		7875	roy carroll	
rio	19780227	1.81		defender		1367	rio ferdinand	
julio		1.73	57			12400	julio cesar	
gary	19660803		87			6333	gary kelly	
simpson	19881201	1.80				7686	jay simpson	
gary caldwell	19890716	1.85	77			12415	gary caldwell	
wilfred bouma	19780615	1.88	83			2831	wilfred bouma	
wheater	19870214	1.96				1431	david wheater	
nicky weaver	19790302		61			3919	nicky weaver	
ivan helguera	19750328	1.85				12282	ivan helguera	
rolando bianchi	19830215	1.78				1340	rolando bianchi	
moustapha salifou	19830601	1.80	78			7842	moustapha salifou	
andy griffin	19790317	1.75	62			11913	andy griffin	
les	19661208	1.80	75			10080	les ferdinand	
trezeguet	19771015	1.75				7714	david trezeguet	
a. jazic	19760226	1.84	77			12344	ante jazic	
taylor	19710904	1.85	71			3673	maik taylor	
meira	19780605	1.95	70			2340	fernando meira	
david pizarro	19810214		70			7351	david pizarro	
steven gerrard	19800530	1.9	90			7889	steven gerrard	
campbell	19870913	1.9				6572	fraizer campbell	
gareth bale	19890716	1.83				12405	gareth bale	
b. alnwick	19870101	1.83	100			12118	ben alnwick	
santiago	19761214	1.83	73			12192	santiago ezquerro	
papa bouba diop	19780128	1.75				5496	papa bouba diop	
arjen robben	19821214	1.80		forwarder		10317	arjen robben	
thomas	19760612	1.96				12283	thomas sorensen	
criscito	19861230	1.72		defender		6681	domenico criscito	
gilberto silva	19761007	1.85				11218	gilberto silva	
dimitrios papadopoulos	19811020	1.78				3987	dimitrios papadopoulos	
steven	19860123	1.52				12406	steven taylor	
martin laursen	19770726	1.90	93			4825	martin laursen	
cannavaro	19730913	1.76	81			9240	fabio cannavaro	
james milner	19860104	1.88		forwarder		10446	james milner	
guglielmo stendardo	19810506	1.90				4528	guglielmo stendardo	
mark	19811003	1.88				9566	mark viduka	
ludovic giuly	19760710	1.84	70			10308	ludovic giuly	
david gray	19880504	1.65				55	david gray	
shinji ono	19790927	1.73	76			9709	shinji ono	
iain turner	19840126	1.95	94			10134	iain turner	
ryan babel	19861219			forwarder		2678	ryan babel	
pranjic	19811202	1.71	76			12346	danijel pranjic	
mohamed sissoko	19850122	1.72	84	midfielder		1611	mohamed sissoko	
marcus hahnemann	19720615	1.82	70			5594	marcus hahnemann	
f. ljungberg	19770416	1.89	78			620	fredrik ljungberg	
robert pires		1.87	77			12284	robert pires	
lauren		1.88	77			12200	lauren	
andre bikey	19850108	1.82	78			12285	andre bikey	
boenisch	19870418	1.88				8658	sebastian boenisch	
d. stankovic	19780911	1.81	96			12347	dejan stankovic	
gabriel batistuta	19730112	1.85				3585	gabriel batistuta	
m. pasqual	19820313	1.7	59			5341	manuel pasqual	
g. murty	19741113	1.68				11823	graeme murty	
mustapha hadji	19711116		74			12193	mustapha hadji	
philippe senderos	19850214	1.82				12407	philippe senderos	
b. gomis	19850806	1.8	82			12286	bafetimbi gomis	
boubacar sanogo	19821217	1.8	57			7470	boubacar sanogo	
alexander frei	19790715	1.79	85			9141	alexander frei	
m. poom	19720203	1.94	80			2114	mart poom	
davids	19730313	1.68	59			7107	edgar davids	
grosso	19771128	1.90	79			3385	fabio grosso	
shevchenko	19760929	1.83				12194	andriy shevchenko	
gomes	19801024	1.88				5440	heurelho gomes	
d. benaglio	19830908	1.93				8218	diego benaglio	
alberto gilardino	19820705	1.84				8144	alberto gilardino	
radostin	19740730	1.84	60			9840	radostin kishishev	
torsten frings	19761122	1.78				7370	torsten frings	
marko babic	19810128	1.65				12408	marko babic	
juan	19760505	1.73				12287	juan pablo sorin	
alexandros tziolis	19850213	1.79				6662	alexandros tziolis	
blanco	19450911	1.77	85			12288	cuauhtemoc blanco	
francis jeffers	19810125		67			6478	francis jeffers	
stephen	19810607	1.91				956	stephen bywater	
juan sebastian veron	19750309	1.86	78			12289	juan sebastian veron	
christian panucci	19730412	1.76				5402	christian panucci	
a. hunt	19860904	1.83	82			7762	aaron hunt	
gennaro gattuso	19780109	1.81				11619	gennaro gattuso	
n. martyn	19861024	1.75	100			2132	nigel martyn	
ricardo carvalho	19780518	1.83	77	defender		10548	ricardo carvalho	
d. bent	19840206	1.85				9963	darren bent	
ivan guerrero	19771130	1.79	75			12409	ivan guerrero	
karl-heinz rummenigge	19550925	1.19	77			3843	karl-heinz rummenigge	
hunt	19841111	1.75	75			4558	stephen hunt	
vedran	19730501	1.93				12348	vedran corluka	
mladen krstajic	19740304	1.98	65			12349	mladen krstajic	
felipe	19720108			midfielder		8847	felipe melo	
raul albiol		1.83	100			903	raul albiol	
b. emerton	19790222	1.8	183			281	brett emerton	
dion dublin	19690422	1.8	73			1752	dion dublin	
tranquillo barnetta	19850522			midfielder		4661	tranquillo barnetta	
marco marchionni	19800722	1.87	66			7319	marco marchionni	
bruno	19771121		88			9626	bruno berner	
ray		1.81	75			2084	ray parlour	
l. radebe	19740228		73			4541	lucas radebe	
m. harewood	19790825	1.85				9543	marlon harewood	
niclas alexandersson	19711229	1.81				4682	niclas alexandersson	
laurent blanc	19651119	1.93				2295	laurent blanc	
neuville	19780925	1.9	92			6871	oliver neuville	
romeo castelen	19830503	1.70				7612	romeo castelen	
tony stokes	19870107	1.83				7146	tony stokes	
vieri	19730712	1.85	72			8474	christian vieri	
sol campbell	19740918	1.88				8848	sol campbell	
inzaghi	19730809	1.66	80			3111	filippo inzaghi	
kieron dyer	19781229	1.73				2787	kieron dyer	
khalid boulahrouz	19811228	1.83	84			5187	khalid boulahrouz	
james vaughan	19880714	2.02	71			12412	james vaughan	
lionel messi	19870624			forwarder		1783	lionel messi	
dennis	19780722	1.8	85			8400	dennis rommedahl	
l. donovan	19820304	1.73	80			8788	landon donovan	
podolski	19850604	1.76		forwarder		8588	lukas podolski	
kakhaber kaladze	19780227	1.86				12195	kakhaber kaladze	
jason brown	19820518	1.8	98			4974	jason brown	
mamadou niang	19791013	1.83				2956	mamadou niang	
malouda	19800613	1.88				9180	florent malouda	
kevin	19701016	1.73				12290	kevin kuranyi	
tim cahill	19791206	1.78				1205	tim cahill	
mauro camoranesi	19761004	1.83				897	mauro camoranesi	
nemanja vidic	19811021	1.74	69	defender		12351	nemanja vidic	
santiago canizares	19691218	1.89				12292	santiago canizares	
diomede	19740123	1.85				12293	bernard diomede	
joseph yobo	19800906	1.88	80			552	joseph yobo	
denny landzaat	19760506	1.78				4675	denny landzaat	
olof mellberg	19770903	1.86				12234	olof mellberg	
howard	19820317	1.76				5146	tim howard	
zamora	19810116	1.88	85			12053	bobby zamora	
jack collison	19881002	1.85				10621	jack collison	
j. tomkins	19890329	1.93				10787	james tomkins	
m. laudrup	19640615		74			7512	michael laudrup	
vratislav gresko	19770724	1.75	74			12295	vratislav gresko	
george boateng		1.70	64			6507	george boateng	
te	19750218		76			12296	ricardo vaz te	
ivan campo	19740221	1.83	75			12353	ivan campo	
zvjezdan misimovic	19820605	1.80				12354	zvjezdan misimovic	
ronaldo	19850205	1.86	79	forwarder		12235	cristiano ronaldo	
willy sagnol	19770318	1.8	59			11978	willy sagnol	
massimo		1.84	78			5653	massimo oddo	
benny feilhaber	19850119	1.75	69			10170	benny feilhaber	
r. shirokov	19810706	1.83	83	midfielder		9004	roman shirokov	
jacek krzynowek	19760515	1.79	71			12298	jacek krzynowek	
murphy	19770318	1.89				4537	danny murphy	
villa	19860106	1.80				9414	emanuel villa	
w. pandiani	19760427	1.86	99			10350	walter pandiani	
pablo aimar	19791103	1.75	75	midfielder		10326	pablo aimar	
l. miller	19810213	1.73	103			7497	liam miller	
emile mpenza	19780704	1.8	78			12299	emile mpenza	
claudio	19800705	1.79	80			11086	claudio reyna	
mei	19890518	1.77	64			9145	andrea mei	
ali	19811230		80			12300	ali al habsi	
daniel jensen		1.80	183			2044	daniel jensen	
d. james	19700801	1.73				9682	david james	
benito	19710814		70			9988	benito carbone	
k. schmeichel	19861105	1.83	79			1682	kasper schmeichel	
crouch	19810130	1.88	103			10311	peter crouch	
f. semioli	19800620	1.85	82			3574	franco semioli	
giovanni van bronckhorst	19750205	1.99				8291	giovanni van bronckhorst	
kezman	19790412	1.88	102			12355	mateja kezman	
craig	19790713	1.85				2306	craig bellamy	
konstantin zyryanov	19821109			midfielder		2617	konstantin zyryanov	
bullard	19781023	1.78	80			6136	jimmy bullard	
vander	19801024	1.95				750	christian vander	
lee	19880622	1.85				2611	kieran lee	
e. smolarek	19810109	1.89	97			12356	ebi smolarek	
t. sheringham	19660402	1.85	61			8371	teddy sheringham	
c. tevez	19850606	1.73				12302	carlos tevez	
hermann hreidarsson	19740711	1.91	73			12357	hermann hreidarsson	
jason euell		1.93	75			3250	jason euell	
d. matteo	19740428	1.88	82			9183	dominic matteo	
m. mancienne	19880108	1.68				4772	michael mancienne	
ismael urzaiz	19711007	1.88	183			6737	ismael urzaiz	
lorenzo de silvestri	19880523	1.84				10351	lorenzo de silvestri	
vincenzo montella	19740618	1.87	71			5790	vincenzo montella	
vassell	19780808	1.79	103			9947	darius vassell	
montolivo		1.85		midfielder		5240	riccardo montolivo	
martin jorgensen	19751006	1.79	67			12303	martin jorgensen	
lita	19841228	1.76	84			1324	leroy lita	
a. zickler	19740228	1.93				6284	alexander zickler	
q. fortune	19770521		63			7229	quinton fortune	
paul	19810404	1.82				4777	paul codrea	
a. riera	19741116	1.8		midfielder		11858	albert riera	
aldair	19651130	1.77				12196	aldair	
a. recoba	19760317	1.79	98			12358	alvaro recoba	
paul stalteri	19771018	1.82	80			9799	paul stalteri	
mark schwarzer	19450911	1.83	95			12236	mark schwarzer	
justin mapp		1.80	71			4904	justin mapp	
robert huth	19840818		77			8849	robert huth	
g. cahill	19851219	1.91	89	defender		9473	gary cahill	
a. xavier	19721130	1.78				2478	abel xavier	
nedved		1.8	95			12359	pavel nedved	
j. stam	19720717	1.82				8076	jaap stam	
d. johnson	19781118		71			6840	damien johnson	
alan smith	19621121	1.73				8540	alan smith	
calum davenport	19830101	1.85	103			171	calum davenport	
didier deschamps	19850107	1.74				5270	didier deschamps	
craig lindfield	19880907	1.75				1414	craig lindfield	
thomas gravesen	19760311	1.83				7481	thomas gravesen	
gourcuff	19860711	1.85	86			10490	yoann gourcuff	
christian	19800228	1.82				1188	christian poulsen	
christoph metzelder	19801105	1.83		defender		8102	christoph metzelder	
darren fletcher		1.83		midfielder		2227	darren fletcher	
z. khizanishvili	19811006		62			12091	zurab khizanishvili	
alberto	19840707	1.86	74			796	alberto aquilani	
andreas granqvist	19800620	1.92	81			7761	andreas granqvist	
dirk	19880413	1.81				5288	dirk marcellis	
kovac	19800727	1.83	71			12360	niko kovac	
l. fabianski	19850418	1.88	74	goalkeeper		12361	lukasz fabianski	
geremi	19781220	1.77				12197	geremi	
marlon king	19800426	1.85				6390	marlon king	
baines	19841211	1.83				9960	leighton baines	
hume	19831030	1.70				2565	iain hume	
serginho	19820624	1.86	183			12198	serginho	
crosas	19880109	1.81				5119	marc crosas	
scott sinclair	19890325	1.99		midfielder		12237	scott sinclair	
d. bentley	19840827	1.73				7144	david bentley	
justin hoyte		1.69	74			1738	justin hoyte	
laudrup	19690222	1.86				7513	brian laudrup	
djimi	19800301	1.91	80			12304	djimi traore	
kuyt	19800722	1.74				2449	dirk kuyt	
patrick vieira	19760623	1.92				6665	patrick vieira	
daniel cousin		1.86	98			5659	daniel cousin	
aaron mokoena	19801125	1.83	80			6553	aaron mokoena	
a. mutu	19790108	1.83				9669	adrian mutu	
h. kewell	19780922	1.9				3899	harry kewell	
cristian chivu	19801026	1.94	81			6490	cristian chivu	
gareth southgate	19700903	1.83	100			10047	gareth southgate	
stefano fiore	19750417	1.79	70			12126	stefano fiore	
sebastian	19601109	1.88	80	midfielder		7742	sebastian kehl	
naldo	19820910	1.84				12202	naldo	
markus babbel	19720908	1.91	73			3295	markus babbel	
gabriel milito	19550925	1.79				11889	gabriel milito	
tonetto	19780719	1.85				6245	max tonetto	
stefano lucchini	19801002	1.77	76			51	stefano lucchini	
john	19420302	1.85				5026	john irving	
martin taylor	19871217	1.74	72			11984	martin taylor	
djibril cisse	19741113	1.7	79			12362	djibril cisse	
p. cech		1.96		goalkeeper		12363	petr cech	
elber	19720723	1.75	99			12305	giovane elber	
grafite	19790402		73			12199	grafite	
daniel	19780207	1.84	80	defender		3500	daniel van buyten	
tal	19820331		78			12306	tal ben-haim	
shay given	19760420	1.64				2552	shay given	
philippe christanval	19780831	1.81	94			8930	philippe christanval	
stuart	19801128	1.92				8762	stuart taylor	
hesselink	19781107		66			4755	jan vennegoor of hesselink	
patrik berger	19731110	1.85	91			11304	patrik berger	
james	19780227	1.85				12410	james beattie	
carragher	19780128	1.85				12238	jamie carragher	
lee	19890101		84			6717	lee cook	
kilbane	19770201	1.87				7890	kevin kilbane	
pizarro		1.86	77	midfielder		6314	claudio pizarro	
joe cole	19811108	1.76				8487	joe cole	
jens nowotny	19740111	1.88	67			2025	jens nowotny	
ibrahimovic	19811003	1.95	80	forwarder		12364	zlatan ibrahimovic	
stephen kelly	19840608	1.78	183			12411	stephen kelly	
nicola	19761020	1.81				7225	nicola legrottaglie	
mark	19730812		71			4776	mark iuliano	
budan	19800422	1.8	80			5467	igor budan	
bates	19861210		72			2789	matthew bates	
matthias	19670905	1.87				12032	matthias sammer	
lilian	19810818	1.82				5474	lilian thuram	
gabriel zakuani	19860531	1.77				8288	gabriel zakuani	
h. larsson	19881002	1.88				11294	henrik larsson	
clarence	19760401	1.94				3706	clarence seedorf	
bridge	19800805	1.97				12239	wayne bridge	
andy cole	19711015	1.8	70			12307	andy cole	
enrico chiesa	19450911	1.76				1221	enrico chiesa	
wessels	19790920	1.85	64			6010	stefan wessels	
rhys taylor	19900407	1.88				10998	rhys taylor	
